,Round,Arginine,Glutamine,Histidine,Isoleucine,Leucine,Lysine,Methionine,Phenylalanine,Threonine,Tryptophane,Tyrosine,Valine,Cystine,Choline,Calcium pantothenate,Folic acid,Niacinamide,Pyridoxal,Riboflavin,Thiamine,Inositol,CaCl2,MgSO4,KCl,NaHCO3,NaCl ,NaH2PO4,Glucose,FBS,mean A450,sd A450
0,0,0.6,2.0,0.2,0.4,0.4,0.4,0.1,0.2,0.4,0.05,0.2,0.4,0.1,0.007,0.002,0.002,0.008,0.005,0.0003,0.003,0.01,1.8,0.8,5.5,26.0,120.0,1.0,5.6,0.1,1.30933333333333,0.197249982396844
1,0,0.6,2.0,0.2,0.4,0.4,0.4,0.1,0.2,0.4,0.05,0.2,0.4,0.0,0.007,0.002,0.002,0.008,0.005,0.0003,0.003,0.01,1.8,0.8,5.5,26.0,120.0,1.0,5.6,0.1,0.0289999999999999,0.00543650214343336
2,0,0.6,2.0,0.2,0.4,0.4,0.4,0.1,0.2,0.4,0.05,0.2,0.4,0.01,0.007,0.002,0.002,0.008,0.005,0.0003,0.003,0.01,1.8,0.8,5.5,26.0,120.0,1.0,5.6,0.1,1.51933333333333,0.0572848632324067
3,0,0.6,2.0,0.2,0.4,0.4,0.4,0.1,0.2,0.4,0.05,0.2,0.4,0.25,0.007,0.002,0.002,0.008,0.005,0.0003,0.003,0.01,1.8,0.8,5.5,26.0,120.0,1.0,5.6,0.1,1.15266666666666,0.502905557734252
4,0,0.6,2.0,0.2,0.4,0.4,0.4,0.1,0.2,0.4,0.05,0.2,0.4,0.1,0.007,0.002,0.0002,0.008,0.005,0.0003,0.003,0.01,1.8,0.8,5.5,26.0,120.0,1.0,5.6,0.1,1.58466666666666,0.0894315380612456
5,0,0.6,2.0,0.2,0.4,0.4,0.4,0.1,0.2,0.4,0.05,0.2,0.4,0.1,0.007,0.002,0.0,0.008,0.005,0.0003,0.003,0.01,1.8,0.8,5.5,26.0,120.0,1.0,5.6,0.1,0.978,0.0942667609617633
6,0,0.6,2.0,0.2,0.4,0.4,0.4,0.1,0.2,0.4,0.05,0.2,0.4,0.1,0.007,0.002,0.006,0.008,0.005,0.0003,0.003,0.01,1.8,0.8,5.5,26.0,120.0,1.0,5.6,0.1,0.891333333333333,0.170116300087779
7,0,0.6,2.0,0.2,0.4,0.4,0.4,0.1,0.2,0.4,0.05,0.2,0.4,0.1,0.007,0.002,0.002,0.008,0.005,0.0003,0.003,0.01,1.8,0.8,5.5,26.0,120.0,1.0,5.6,0.001,0.0916666666666666,0.203705670024179
8,0,0.6,2.0,0.2,0.4,0.4,0.4,0.1,0.2,0.4,0.05,0.2,0.4,0.1,0.007,0.002,0.002,0.008,0.005,0.0003,0.003,0.01,1.8,0.8,5.5,26.0,120.0,1.0,5.6,0.01,1.263,0.277794088410022
9,0,0.6,2.0,0.2,0.4,0.4,0.4,0.1,0.2,0.4,0.05,0.2,0.4,0.1,0.007,0.002,0.002,0.008,0.005,0.0003,0.003,0.01,1.8,0.8,5.5,26.0,120.0,1.0,5.6,0.05,2.01466666666666,0.0685127725318426
10,0,0.0,2.0,0.2,0.4,0.4,0.4,0.1,0.2,0.4,0.05,0.2,0.4,0.1,0.007,0.002,0.002,0.008,0.005,0.0003,0.003,0.01,1.8,0.8,5.5,26.0,120.0,1.0,5.6,0.1,0.0543333333333331,0.00235702260395516
11,0,0.06,2.0,0.2,0.4,0.4,0.4,0.1,0.2,0.4,0.05,0.2,0.4,0.1,0.007,0.002,0.002,0.008,0.005,0.0003,0.003,0.01,1.8,0.8,5.5,26.0,120.0,1.0,5.6,0.1,1.29466666666666,0.184804401101993
12,0,6.0,2.0,0.2,0.4,0.4,0.4,0.1,0.2,0.4,0.05,0.2,0.4,0.1,0.007,0.002,0.002,0.008,0.005,0.0003,0.003,0.01,1.8,0.8,5.5,26.0,120.0,1.0,5.6,0.1,1.24466666666666,0.202469750827129
13,0,16.0,2.0,0.2,0.4,0.4,0.4,0.1,0.2,0.4,0.05,0.2,0.4,0.1,0.007,0.002,0.002,0.008,0.005,0.0003,0.003,0.01,1.8,0.8,5.5,26.0,120.0,1.0,5.6,0.1,0.747333333333333,0.0708864506721057
14,0,0.6,0.0,0.2,0.4,0.4,0.4,0.1,0.2,0.4,0.05,0.2,0.4,0.1,0.007,0.002,0.002,0.008,0.005,0.0003,0.003,0.01,1.8,0.8,5.5,26.0,120.0,1.0,5.6,0.1,0.0,0.0114406682011536
15,0,0.6,0.2,0.2,0.4,0.4,0.4,0.1,0.2,0.4,0.05,0.2,0.4,0.1,0.007,0.002,0.002,0.008,0.005,0.0003,0.003,0.01,1.8,0.8,5.5,26.0,120.0,1.0,5.6,0.1,0.0899999999999998,0.0208059820457696
16,0,0.6,5.0,0.2,0.4,0.4,0.4,0.1,0.2,0.4,0.05,0.2,0.4,0.1,0.007,0.002,0.002,0.008,0.005,0.0003,0.003,0.01,1.8,0.8,5.5,26.0,120.0,1.0,5.6,0.1,1.31133333333333,0.161212764865427
17,0,0.6,10.0,0.2,0.4,0.4,0.4,0.1,0.2,0.4,0.05,0.2,0.4,0.1,0.007,0.002,0.002,0.008,0.005,0.0003,0.003,0.01,1.8,0.8,5.5,26.0,120.0,1.0,5.6,0.1,1.11433333333333,0.0678249380554247
18,0,0.6,2.0,0.0,0.4,0.4,0.4,0.1,0.2,0.4,0.05,0.2,0.4,0.1,0.007,0.002,0.002,0.008,0.005,0.0003,0.003,0.01,1.8,0.8,5.5,26.0,120.0,1.0,5.6,0.1,0.480333333333333,0.044946882230275
19,0,0.6,2.0,0.02,0.4,0.4,0.4,0.1,0.2,0.4,0.05,0.2,0.4,0.1,0.007,0.002,0.002,0.008,0.005,0.0003,0.003,0.01,1.8,0.8,5.5,26.0,120.0,1.0,5.6,0.1,1.142,0.16926179591259
20,0,0.6,2.0,2.0,0.4,0.4,0.4,0.1,0.2,0.4,0.05,0.2,0.4,0.1,0.007,0.002,0.002,0.008,0.005,0.0003,0.003,0.01,1.8,0.8,5.5,26.0,120.0,1.0,5.6,0.1,0.960333333333333,0.0254863798048203
21,0,0.6,2.0,10.0,0.4,0.4,0.4,0.1,0.2,0.4,0.05,0.2,0.4,0.1,0.007,0.002,0.002,0.008,0.005,0.0003,0.003,0.01,1.8,0.8,5.5,26.0,120.0,1.0,5.6,0.1,0.484666666666666,0.0864908472999697
22,0,0.6,2.0,0.2,0.0,0.4,0.4,0.1,0.2,0.4,0.05,0.2,0.4,0.1,0.007,0.002,0.002,0.008,0.005,0.0003,0.003,0.01,1.8,0.8,5.5,26.0,120.0,1.0,5.6,0.1,0.161666666666666,0.0518523544949182
23,0,0.6,2.0,0.2,0.04,0.4,0.4,0.1,0.2,0.4,0.05,0.2,0.4,0.1,0.007,0.002,0.002,0.008,0.005,0.0003,0.003,0.01,1.8,0.8,5.5,26.0,120.0,1.0,5.6,0.1,1.01966666666666,0.179103322135576
24,0,0.6,2.0,0.2,4.0,0.4,0.4,0.1,0.2,0.4,0.05,0.2,0.4,0.1,0.007,0.002,0.002,0.008,0.005,0.0003,0.003,0.01,1.8,0.8,5.5,26.0,120.0,1.0,5.6,0.1,1.28033333333333,0.16685589258066
25,0,0.6,2.0,0.2,10.0,0.4,0.4,0.1,0.2,0.4,0.05,0.2,0.4,0.1,0.007,0.002,0.002,0.008,0.005,0.0003,0.003,0.01,1.8,0.8,5.5,26.0,120.0,1.0,5.6,0.1,1.087,0.0418754767800386
26,0,0.6,2.0,0.2,0.4,0.0,0.4,0.1,0.2,0.4,0.05,0.2,0.4,0.1,0.007,0.002,0.002,0.008,0.005,0.0003,0.003,0.01,1.8,0.8,5.5,26.0,120.0,1.0,5.6,0.1,0.0,0.0219696760710454
27,0,0.6,2.0,0.2,0.4,0.04,0.4,0.1,0.2,0.4,0.05,0.2,0.4,0.1,0.007,0.002,0.002,0.008,0.005,0.0003,0.003,0.01,1.8,0.8,5.5,26.0,120.0,1.0,5.6,0.1,1.09666666666666,0.16177831196493
28,0,0.6,2.0,0.2,0.4,4.0,0.4,0.1,0.2,0.4,0.05,0.2,0.4,0.1,0.007,0.002,0.002,0.008,0.005,0.0003,0.003,0.01,1.8,0.8,5.5,26.0,120.0,1.0,5.6,0.1,1.69066666666666,0.190952582828535
29,0,0.6,2.0,0.2,0.4,10.0,0.4,0.1,0.2,0.4,0.05,0.2,0.4,0.1,0.007,0.002,0.002,0.008,0.005,0.0003,0.003,0.01,1.8,0.8,5.5,26.0,120.0,1.0,5.6,0.1,1.09266666666666,0.151240059361121
30,0,0.6,2.0,0.2,0.4,0.4,0.0,0.1,0.2,0.4,0.05,0.2,0.4,0.1,0.007,0.002,0.002,0.008,0.005,0.0003,0.003,0.01,1.8,0.8,5.5,26.0,120.0,1.0,5.6,0.1,0.632999999999999,0.105786997730765
31,0,0.6,2.0,0.2,0.4,0.4,0.04,0.1,0.2,0.4,0.05,0.2,0.4,0.1,0.007,0.002,0.002,0.008,0.005,0.0003,0.003,0.01,1.8,0.8,5.5,26.0,120.0,1.0,5.6,0.1,1.38866666666666,0.0757554545157567
32,0,0.6,2.0,0.2,0.4,0.4,4.0,0.1,0.2,0.4,0.05,0.2,0.4,0.1,0.007,0.002,0.002,0.008,0.005,0.0003,0.003,0.01,1.8,0.8,5.5,26.0,120.0,1.0,5.6,0.1,1.08433333333333,0.190541334098404
33,0,0.6,2.0,0.2,0.4,0.4,16.0,0.1,0.2,0.4,0.05,0.2,0.4,0.1,0.007,0.002,0.002,0.008,0.005,0.0003,0.003,0.01,1.8,0.8,5.5,26.0,120.0,1.0,5.6,0.1,0.00566666666666665,0.0131993265821488
34,0,0.6,2.0,0.2,0.4,0.4,0.4,0.0,0.2,0.4,0.05,0.2,0.4,0.1,0.007,0.002,0.002,0.008,0.005,0.0003,0.003,0.01,1.8,0.8,5.5,26.0,120.0,1.0,5.6,0.1,0.585666666666666,0.0246891789161882
35,0,0.6,2.0,0.2,0.4,0.4,0.4,0.01,0.2,0.4,0.05,0.2,0.4,0.1,0.007,0.002,0.002,0.008,0.005,0.0003,0.003,0.01,1.8,0.8,5.5,26.0,120.0,1.0,5.6,0.1,1.12433333333333,0.188610710194304
36,0,0.6,2.0,0.2,0.4,0.4,0.4,1.0,0.2,0.4,0.05,0.2,0.4,0.1,0.007,0.002,0.002,0.008,0.005,0.0003,0.003,0.01,1.8,0.8,5.5,26.0,120.0,1.0,5.6,0.1,1.19566666666666,0.131909901911199
37,0,0.6,2.0,0.2,0.4,0.4,0.4,10.0,0.2,0.4,0.05,0.2,0.4,0.1,0.007,0.002,0.002,0.008,0.005,0.0003,0.003,0.01,1.8,0.8,5.5,26.0,120.0,1.0,5.6,0.1,0.379,0.101512998620319
38,0,0.6,2.0,0.2,0.4,0.4,0.4,0.1,0.0,0.4,0.05,0.2,0.4,0.1,0.007,0.002,0.002,0.008,0.005,0.0003,0.003,0.01,1.8,0.8,5.5,26.0,120.0,1.0,5.6,0.1,0.882333333333333,0.206902553552793
39,0,0.6,2.0,0.2,0.4,0.4,0.4,0.1,0.02,0.4,0.05,0.2,0.4,0.1,0.007,0.002,0.002,0.008,0.005,0.0003,0.003,0.01,1.8,0.8,5.5,26.0,120.0,1.0,5.6,0.1,1.42166666666666,0.0865345146298414
40,0,0.6,2.0,0.2,0.4,0.4,0.4,0.1,2.0,0.4,0.05,0.2,0.4,0.1,0.007,0.002,0.002,0.008,0.005,0.0003,0.003,0.01,1.8,0.8,5.5,26.0,120.0,1.0,5.6,0.1,1.288,0.191802560520505
41,0,0.6,2.0,0.2,0.4,0.4,0.4,0.1,10.0,0.4,0.05,0.2,0.4,0.1,0.007,0.002,0.002,0.008,0.005,0.0003,0.003,0.01,1.8,0.8,5.5,26.0,120.0,1.0,5.6,0.1,0.554666666666666,0.295684892335667
42,0,0.6,2.0,0.2,0.4,0.4,0.4,0.1,0.2,0.0,0.05,0.2,0.4,0.1,0.007,0.002,0.002,0.008,0.005,0.0003,0.003,0.01,1.8,0.8,5.5,26.0,120.0,1.0,5.6,0.1,0.831666666666666,0.316598940125972
43,0,0.6,2.0,0.2,0.4,0.4,0.4,0.1,0.2,0.04,0.05,0.2,0.4,0.1,0.007,0.002,0.002,0.008,0.005,0.0003,0.003,0.01,1.8,0.8,5.5,26.0,120.0,1.0,5.6,0.1,1.17133333333333,0.299867748627068
44,0,0.6,2.0,0.2,0.4,0.4,0.4,0.1,0.2,4.0,0.05,0.2,0.4,0.1,0.007,0.002,0.002,0.008,0.005,0.0003,0.003,0.01,1.8,0.8,5.5,26.0,120.0,1.0,5.6,0.1,1.19833333333333,0.101875741306096
45,0,0.6,2.0,0.2,0.4,0.4,0.4,0.1,0.2,10.0,0.05,0.2,0.4,0.1,0.007,0.002,0.002,0.008,0.005,0.0003,0.003,0.01,1.8,0.8,5.5,26.0,120.0,1.0,5.6,0.1,0.850666666666666,0.246361973977767
46,0,0.6,2.0,0.2,0.4,0.4,0.4,0.1,0.2,0.4,0.0,0.2,0.4,0.1,0.007,0.002,0.002,0.008,0.005,0.0003,0.003,0.01,1.8,0.8,5.5,26.0,120.0,1.0,5.6,0.1,0.684333333333333,0.229818769178382
47,0,0.6,2.0,0.2,0.4,0.4,0.4,0.1,0.2,0.4,0.005,0.2,0.4,0.1,0.007,0.002,0.002,0.008,0.005,0.0003,0.003,0.01,1.8,0.8,5.5,26.0,120.0,1.0,5.6,0.1,1.01566666666666,0.139535738154145
48,0,0.6,2.0,0.2,0.4,0.4,0.4,0.1,0.2,0.4,0.5,0.2,0.4,0.1,0.007,0.002,0.002,0.008,0.005,0.0003,0.003,0.01,1.8,0.8,5.5,26.0,120.0,1.0,5.6,0.1,0.261666666666666,0.0338263539599263
49,0,0.6,2.0,0.2,0.4,0.4,0.4,0.1,0.2,0.4,5.0,0.2,0.4,0.1,0.007,0.002,0.002,0.008,0.005,0.0003,0.003,0.01,1.8,0.8,5.5,26.0,120.0,1.0,5.6,0.1,0.0913333333333333,0.0715122367151244
50,0,0.6,2.0,0.2,0.4,0.4,0.4,0.1,0.2,0.4,0.05,0.0,0.4,0.1,0.007,0.002,0.002,0.008,0.005,0.0003,0.003,0.01,1.8,0.8,5.5,26.0,120.0,1.0,5.6,0.1,0.361333333333333,0.172864108478307
51,0,0.6,2.0,0.2,0.4,0.4,0.4,0.1,0.2,0.4,0.05,0.02,0.4,0.1,0.007,0.002,0.002,0.008,0.005,0.0003,0.003,0.01,1.8,0.8,5.5,26.0,120.0,1.0,5.6,0.1,1.45433333333333,0.13435276947896
52,0,0.6,2.0,0.2,0.4,0.4,0.4,0.1,0.2,0.4,0.05,2.0,0.4,0.1,0.007,0.002,0.002,0.008,0.005,0.0003,0.003,0.01,1.8,0.8,5.5,26.0,120.0,1.0,5.6,0.1,1.063,0.05855102238409
53,0,0.6,2.0,0.2,0.4,0.4,0.4,0.1,0.2,0.4,0.05,10.0,0.4,0.1,0.007,0.002,0.002,0.008,0.005,0.0003,0.003,0.01,1.8,0.8,5.5,26.0,120.0,1.0,5.6,0.1,0.115666666666666,0.0591964713663087
54,0,0.6,2.0,0.2,0.4,0.4,0.4,0.1,0.2,0.4,0.05,0.2,0.0,0.1,0.007,0.002,0.002,0.008,0.005,0.0003,0.003,0.01,1.8,0.8,5.5,26.0,120.0,1.0,5.6,0.1,1.04633333333333,0.112909993652761
55,0,0.6,2.0,0.2,0.4,0.4,0.4,0.1,0.2,0.4,0.05,0.2,0.04,0.1,0.007,0.002,0.002,0.008,0.005,0.0003,0.003,0.01,1.8,0.8,5.5,26.0,120.0,1.0,5.6,0.1,1.803,0.0966413760019773
56,0,0.6,2.0,0.2,0.4,0.4,0.4,0.1,0.2,0.4,0.05,0.2,4.0,0.1,0.007,0.002,0.002,0.008,0.005,0.0003,0.003,0.01,1.8,0.8,5.5,26.0,120.0,1.0,5.6,0.1,2.066,0.193993699783151
57,0,0.6,2.0,0.2,0.4,0.4,0.4,0.1,0.2,0.4,0.05,0.2,10.0,0.1,0.007,0.002,0.002,0.008,0.005,0.0003,0.003,0.01,1.8,0.8,5.5,26.0,120.0,1.0,5.6,0.1,2.25699999999999,0.194129395564459
58,0,0.6,2.0,0.2,0.4,0.4,0.4,0.1,0.2,0.4,0.05,0.2,0.4,0.1,0.0,0.002,0.002,0.008,0.005,0.0003,0.003,0.01,1.8,0.8,5.5,26.0,120.0,1.0,5.6,0.1,2.41466666666666,0.0956986009418225
59,0,0.6,2.0,0.2,0.4,0.4,0.4,0.1,0.2,0.4,0.05,0.2,0.4,0.1,0.0007,0.002,0.002,0.008,0.005,0.0003,0.003,0.01,1.8,0.8,5.5,26.0,120.0,1.0,5.6,0.1,2.90766666666666,0.158114585735226
60,0,0.6,2.0,0.2,0.4,0.4,0.4,0.1,0.2,0.4,0.05,0.2,0.4,0.1,0.07,0.002,0.002,0.008,0.005,0.0003,0.003,0.01,1.8,0.8,5.5,26.0,120.0,1.0,5.6,0.1,2.81966666666666,0.0534249213590644
61,0,0.6,2.0,0.2,0.4,0.4,0.4,0.1,0.2,0.4,0.05,0.2,0.4,0.1,0.7000000000000001,0.002,0.002,0.008,0.005,0.0003,0.003,0.01,1.8,0.8,5.5,26.0,120.0,1.0,5.6,0.1,2.62766666666666,0.529553480669222
62,0,0.6,2.0,0.2,0.4,0.4,0.4,0.1,0.2,0.4,0.05,0.2,0.4,0.1,0.007,0.0,0.002,0.008,0.005,0.0003,0.003,0.01,1.8,0.8,5.5,26.0,120.0,1.0,5.6,0.1,2.118,0.0340326640482672
63,0,0.6,2.0,0.2,0.4,0.4,0.4,0.1,0.2,0.4,0.05,0.2,0.4,0.1,0.007,0.0002,0.002,0.008,0.005,0.0003,0.003,0.01,1.8,0.8,5.5,26.0,120.0,1.0,5.6,0.1,2.667,0.209628772410235
64,0,0.6,2.0,0.2,0.4,0.4,0.4,0.1,0.2,0.4,0.05,0.2,0.4,0.1,0.007,0.02,0.002,0.008,0.005,0.0003,0.003,0.01,1.8,0.8,5.5,26.0,120.0,1.0,5.6,0.1,2.534,0.210624995878668
65,0,0.6,2.0,0.2,0.4,0.4,0.4,0.1,0.2,0.4,0.05,0.2,0.4,0.1,0.007,0.2,0.002,0.008,0.005,0.0003,0.003,0.01,1.8,0.8,5.5,26.0,120.0,1.0,5.6,0.1,2.27199999999999,0.223836746064824
66,0,0.6,2.0,0.2,0.4,0.4,0.4,0.1,0.2,0.4,0.05,0.2,0.4,0.1,0.007,0.002,0.002,0.0,0.005,0.0003,0.003,0.01,1.8,0.8,5.5,26.0,120.0,1.0,5.6,0.1,1.90933333333333,0.101245576035037
67,0,0.6,2.0,0.2,0.4,0.4,0.4,0.1,0.2,0.4,0.05,0.2,0.4,0.1,0.007,0.002,0.002,0.0008,0.005,0.0003,0.003,0.01,1.8,0.8,5.5,26.0,120.0,1.0,5.6,0.1,2.252,0.124515951677775
68,0,0.6,2.0,0.2,0.4,0.4,0.4,0.1,0.2,0.4,0.05,0.2,0.4,0.1,0.007,0.002,0.002,0.08,0.005,0.0003,0.003,0.01,1.8,0.8,5.5,26.0,120.0,1.0,5.6,0.1,2.75366666666666,0.488732601281677
69,0,0.6,2.0,0.2,0.4,0.4,0.4,0.1,0.2,0.4,0.05,0.2,0.4,0.1,0.007,0.002,0.002,0.8,0.005,0.0003,0.003,0.01,1.8,0.8,5.5,26.0,120.0,1.0,5.6,0.1,2.59666666666666,0.338865099347152
70,0,0.6,2.0,0.2,0.4,0.4,0.4,0.1,0.2,0.4,0.05,0.2,0.4,0.1,0.007,0.002,0.002,0.008,0.0,0.0003,0.003,0.01,1.8,0.8,5.5,26.0,120.0,1.0,5.6,0.1,1.98033333333333,0.174254602999939
71,0,0.6,2.0,0.2,0.4,0.4,0.4,0.1,0.2,0.4,0.05,0.2,0.4,0.1,0.007,0.002,0.002,0.008,0.0005,0.0003,0.003,0.01,1.8,0.8,5.5,26.0,120.0,1.0,5.6,0.1,2.30566666666666,0.112964104426533
72,0,0.6,2.0,0.2,0.4,0.4,0.4,0.1,0.2,0.4,0.05,0.2,0.4,0.1,0.007,0.002,0.002,0.008,0.05,0.0003,0.003,0.01,1.8,0.8,5.5,26.0,120.0,1.0,5.6,0.1,1.93833333333333,0.145787516612363
73,0,0.6,2.0,0.2,0.4,0.4,0.4,0.1,0.2,0.4,0.05,0.2,0.4,0.1,0.007,0.002,0.002,0.008,0.5,0.0003,0.003,0.01,1.8,0.8,5.5,26.0,120.0,1.0,5.6,0.1,0.149999999999999,0.093156976240227
74,0,0.6,2.0,0.2,0.4,0.4,0.4,0.1,0.2,0.4,0.05,0.2,0.4,0.1,0.007,0.002,0.002,0.008,0.005,0.0,0.003,0.01,1.8,0.8,5.5,26.0,120.0,1.0,5.6,0.1,1.18166666666666,0.142082917887955
75,0,0.6,2.0,0.2,0.4,0.4,0.4,0.1,0.2,0.4,0.05,0.2,0.4,0.1,0.007,0.002,0.002,0.008,0.005,3e-05,0.003,0.01,1.8,0.8,5.5,26.0,120.0,1.0,5.6,0.1,2.23866666666666,0.2941930583062
76,0,0.6,2.0,0.2,0.4,0.4,0.4,0.1,0.2,0.4,0.05,0.2,0.4,0.1,0.007,0.002,0.002,0.008,0.005,0.003,0.003,0.01,1.8,0.8,5.5,26.0,120.0,1.0,5.6,0.1,0.0226666666666666,0.0202868320729372
77,0,0.6,2.0,0.2,0.4,0.4,0.4,0.1,0.2,0.4,0.05,0.2,0.4,0.1,0.007,0.002,0.002,0.008,0.005,0.03,0.003,0.01,1.8,0.8,5.5,26.0,120.0,1.0,5.6,0.1,0.243666666666666,0.0882886679528515
78,0,0.6,2.0,0.2,0.4,0.4,0.4,0.1,0.2,0.4,0.05,0.2,0.4,0.1,0.007,0.002,0.002,0.008,0.005,0.0003,0.0,0.01,1.8,0.8,5.5,26.0,120.0,1.0,5.6,0.1,1.98299999999999,0.0792057798115488
79,0,0.6,2.0,0.2,0.4,0.4,0.4,0.1,0.2,0.4,0.05,0.2,0.4,0.1,0.007,0.002,0.002,0.008,0.005,0.0003,0.00030000000000000003,0.01,1.8,0.8,5.5,26.0,120.0,1.0,5.6,0.1,1.73633333333333,0.112963120825633
80,0,0.6,2.0,0.2,0.4,0.4,0.4,0.1,0.2,0.4,0.05,0.2,0.4,0.1,0.007,0.002,0.002,0.008,0.005,0.0003,0.03,0.01,1.8,0.8,5.5,26.0,120.0,1.0,5.6,0.1,1.80833333333333,0.176028406798448
81,0,0.6,2.0,0.2,0.4,0.4,0.4,0.1,0.2,0.4,0.05,0.2,0.4,0.1,0.007,0.002,0.002,0.008,0.005,0.0003,0.3,0.01,1.8,0.8,5.5,26.0,120.0,1.0,5.6,0.1,1.781,0.092687048118326
82,0,0.6,2.0,0.2,0.4,0.4,0.4,0.1,0.2,0.4,0.05,0.2,0.4,0.1,0.007,0.002,0.002,0.008,0.005,0.0003,0.003,0.0,1.8,0.8,5.5,26.0,120.0,1.0,5.6,0.1,1.18433333333333,0.0990028057963791
83,0,0.6,2.0,0.2,0.4,0.4,0.4,0.1,0.2,0.4,0.05,0.2,0.4,0.1,0.007,0.002,0.002,0.008,0.005,0.0003,0.003,0.001,1.8,0.8,5.5,26.0,120.0,1.0,5.6,0.1,0.648333333333333,0.0341207007873844
84,0,0.6,2.0,0.2,0.4,0.4,0.4,0.1,0.2,0.4,0.05,0.2,0.4,0.1,0.007,0.002,0.002,0.008,0.005,0.0003,0.003,0.1,1.8,0.8,5.5,26.0,120.0,1.0,5.6,0.1,1.03533333333333,0.0853867020612043
85,0,0.6,2.0,0.2,0.4,0.4,0.4,0.1,0.2,0.4,0.05,0.2,0.4,0.1,0.007,0.002,0.002,0.008,0.005,0.0003,0.003,1.0,1.8,0.8,5.5,26.0,120.0,1.0,5.6,0.1,0.826333333333333,0.0992046145880097
86,0,0.6,2.0,0.2,0.4,0.4,0.4,0.1,0.2,0.4,0.05,0.2,0.4,0.1,0.007,0.002,0.002,0.008,0.005,0.0003,0.003,0.01,0.0,0.8,5.5,26.0,120.0,1.0,5.6,0.1,1.00866666666666,0.179135578698246
87,0,0.6,2.0,0.2,0.4,0.4,0.4,0.1,0.2,0.4,0.05,0.2,0.4,0.1,0.007,0.002,0.002,0.008,0.005,0.0003,0.003,0.01,0.18,0.8,5.5,26.0,120.0,1.0,5.6,0.1,1.04766666666666,0.0522323867176508
88,0,0.6,2.0,0.2,0.4,0.4,0.4,0.1,0.2,0.4,0.05,0.2,0.4,0.1,0.007,0.002,0.002,0.008,0.005,0.0003,0.003,0.01,18.0,0.8,5.5,26.0,120.0,1.0,5.6,0.1,0.442666666666666,0.0570516335339216
89,0,0.6,2.0,0.2,0.4,0.4,0.4,0.1,0.2,0.4,0.05,0.2,0.4,0.1,0.007,0.002,0.002,0.008,0.005,0.0003,0.003,0.01,36.0,0.8,5.5,26.0,120.0,1.0,5.6,0.1,0.141666666666666,0.00612825877028341
90,0,0.6,2.0,0.2,0.4,0.4,0.4,0.1,0.2,0.4,0.05,0.2,0.4,0.1,0.007,0.002,0.002,0.008,0.005,0.0003,0.003,0.01,1.8,0.0,5.5,26.0,120.0,1.0,5.6,0.1,1.44733333333333,0.235707917181884
91,0,0.6,2.0,0.2,0.4,0.4,0.4,0.1,0.2,0.4,0.05,0.2,0.4,0.1,0.007,0.002,0.002,0.008,0.005,0.0003,0.003,0.01,1.8,0.08,5.5,26.0,120.0,1.0,5.6,0.1,1.192,0.0682104586311121
92,0,0.6,2.0,0.2,0.4,0.4,0.4,0.1,0.2,0.4,0.05,0.2,0.4,0.1,0.007,0.002,0.002,0.008,0.005,0.0003,0.003,0.01,1.8,8.0,5.5,26.0,120.0,1.0,5.6,0.1,0.768666666666666,0.0580880557621118
93,0,0.6,2.0,0.2,0.4,0.4,0.4,0.1,0.2,0.4,0.05,0.2,0.4,0.1,0.007,0.002,0.002,0.008,0.005,0.0003,0.003,0.01,1.8,40.0,5.5,26.0,120.0,1.0,5.6,0.1,0.498333333333333,0.0670389604798748
94,0,0.6,2.0,0.2,0.4,0.4,0.4,0.1,0.2,0.4,0.05,0.2,0.4,0.1,0.007,0.002,0.002,0.008,0.005,0.0003,0.003,0.01,1.8,0.8,0.0,26.0,120.0,1.0,5.6,0.1,0.715333333333333,0.104719731771152
95,0,0.6,2.0,0.2,0.4,0.4,0.4,0.1,0.2,0.4,0.05,0.2,0.4,0.1,0.007,0.002,0.002,0.008,0.005,0.0003,0.003,0.01,1.8,0.8,0.55,26.0,120.0,1.0,5.6,0.1,1.06099999999999,0.0553594315963112
96,0,0.6,2.0,0.2,0.4,0.4,0.4,0.1,0.2,0.4,0.05,0.2,0.4,0.1,0.007,0.002,0.002,0.008,0.005,0.0003,0.003,0.01,1.8,0.8,55.0,26.0,120.0,1.0,5.6,0.1,0.104666666666666,0.0291013554476228
97,0,0.6,2.0,0.2,0.4,0.4,0.4,0.1,0.2,0.4,0.05,0.2,0.4,0.1,0.007,0.002,0.002,0.008,0.005,0.0003,0.003,0.01,1.8,0.8,110.0,26.0,120.0,1.0,5.6,0.1,0.176666666666666,0.0471475226166644
98,0,0.6,2.0,0.2,0.4,0.4,0.4,0.1,0.2,0.4,0.05,0.2,0.4,0.1,0.007,0.002,0.002,0.008,0.005,0.0003,0.003,0.01,1.8,0.8,5.5,0.0,120.0,1.0,5.6,0.1,0.0,0.000471404520791058
99,0,0.6,2.0,0.2,0.4,0.4,0.4,0.1,0.2,0.4,0.05,0.2,0.4,0.1,0.007,0.002,0.002,0.008,0.005,0.0003,0.003,0.01,1.8,0.8,5.5,2.6,120.0,1.0,5.6,0.1,0.0,0.0114406682011536
100,0,0.6,2.0,0.2,0.4,0.4,0.4,0.1,0.2,0.4,0.05,0.2,0.4,0.1,0.007,0.002,0.002,0.008,0.005,0.0003,0.003,0.01,1.8,0.8,5.5,260.0,120.0,1.0,5.6,0.1,0.487,0.0353270434653114
101,0,0.6,2.0,0.2,0.4,0.4,0.4,0.1,0.2,0.4,0.05,0.2,0.4,0.1,0.007,0.002,0.002,0.008,0.005,0.0003,0.003,0.01,1.8,0.8,5.5,26.0,0.0,1.0,5.6,0.1,0.358,0.0326190128606001
102,0,0.6,2.0,0.2,0.4,0.4,0.4,0.1,0.2,0.4,0.05,0.2,0.4,0.1,0.007,0.002,0.002,0.008,0.005,0.0003,0.003,0.01,1.8,0.8,5.5,26.0,1.2,1.0,5.6,0.1,0.130666666666666,0.0367181456806062
103,0,0.6,2.0,0.2,0.4,0.4,0.4,0.1,0.2,0.4,0.05,0.2,0.4,0.1,0.007,0.002,0.002,0.008,0.005,0.0003,0.003,0.01,1.8,0.8,5.5,26.0,12.0,1.0,5.6,0.1,0.215333333333333,0.0181536650722534
104,0,0.6,2.0,0.2,0.4,0.4,0.4,0.1,0.2,0.4,0.05,0.2,0.4,0.1,0.007,0.002,0.002,0.008,0.005,0.0003,0.003,0.01,1.8,0.8,5.5,26.0,240.0,1.0,5.6,0.1,0.0683333333333333,0.0368088153692683
105,0,0.6,2.0,0.2,0.4,0.4,0.4,0.1,0.2,0.4,0.05,0.2,0.4,0.1,0.007,0.002,0.002,0.008,0.005,0.0003,0.003,0.01,1.8,0.8,5.5,26.0,120.0,0.0,5.6,0.1,0.891666666666666,0.123294588508805
106,0,0.6,2.0,0.2,0.4,0.4,0.4,0.1,0.2,0.4,0.05,0.2,0.4,0.1,0.007,0.002,0.002,0.008,0.005,0.0003,0.003,0.01,1.8,0.8,5.5,26.0,120.0,0.1,5.6,0.1,0.870666666666666,0.201087598379965
107,0,0.6,2.0,0.2,0.4,0.4,0.4,0.1,0.2,0.4,0.05,0.2,0.4,0.1,0.007,0.002,0.002,0.008,0.005,0.0003,0.003,0.01,1.8,0.8,5.5,26.0,120.0,10.0,5.6,0.1,0.545,0.0112249721603217
108,0,0.6,2.0,0.2,0.4,0.4,0.4,0.1,0.2,0.4,0.05,0.2,0.4,0.1,0.007,0.002,0.002,0.008,0.005,0.0003,0.003,0.01,1.8,0.8,5.5,26.0,120.0,100.0,5.6,0.1,0.0,0.0409986449640581
109,0,0.6,2.0,0.2,0.4,0.4,0.4,0.1,0.2,0.4,0.05,0.2,0.4,0.1,0.007,0.002,0.002,0.008,0.005,0.0003,0.003,0.01,1.8,0.8,5.5,26.0,120.0,1.0,0.0,0.1,0.461333333333333,0.0800388794413204
110,0,0.6,2.0,0.2,0.4,0.4,0.4,0.1,0.2,0.4,0.05,0.2,0.4,0.1,0.007,0.002,0.002,0.008,0.005,0.0003,0.003,0.01,1.8,0.8,5.5,26.0,120.0,1.0,0.5599999999999999,0.1,0.298,0.0184571575998762
111,0,0.6,2.0,0.2,0.4,0.4,0.4,0.1,0.2,0.4,0.05,0.2,0.4,0.1,0.007,0.002,0.002,0.008,0.005,0.0003,0.003,0.01,1.8,0.8,5.5,26.0,120.0,1.0,56.0,0.1,0.626666666666666,0.0368178700572909
112,0,6.0,10.0,0.02,0.04,0.04,0.4,1.0,0.02,4.0,0.05,0.2,10.0,0.1,0.07,0.002,0.002,0.0008,0.05,0.0,0.003,0.01,1.8,0.0,0.55,26.0,120.0,1.0,5.6,0.1,0.955333333333333,0.379013045803028
113,0,0.06,2.0,0.2,4.0,4.0,4.0,0.1,0.2,4.0,0.005,2.0,4.0,0.1,0.0,0.0,0.0002,0.008,0.05,3e-05,0.0003,0.0,1.8,0.0,0.55,26.0,120.0,1.0,5.6,0.1,1.102,0.168477496024444
114,0,0.6,5.0,0.02,0.4,0.4,0.4,1.0,0.02,0.04,0.05,2.0,4.0,0.01,0.0,0.02,0.002,0.008,0.0,0.0,0.003,0.01,0.0,0.0,0.55,26.0,12.0,1.0,5.6,0.05,0.0,0.000471404520791032
115,0,0.06,5.0,0.02,4.0,10.0,0.4,1.0,0.2,0.4,0.005,0.02,10.0,0.01,0.0,0.02,0.002,0.08,0.005,3e-05,0.03,0.0,0.0,0.08,0.55,26.0,120.0,1.0,5.6,0.1,0.935666666666666,0.29197754860415
116,0,6.0,2.0,0.2,4.0,4.0,0.4,1.0,0.02,0.04,0.005,2.0,4.0,0.1,0.07,0.2,0.002,0.0,0.05,0.0003,0.003,0.01,0.18,0.8,0.55,26.0,120.0,1.0,5.6,0.05,0.436999999999999,0.156709923106355
117,0,0.06,2.0,0.02,0.4,0.04,0.4,0.01,0.02,0.4,0.005,2.0,10.0,0.01,0.0007,0.02,0.002,0.0008,0.05,3e-05,0.0,0.0,0.0,0.08,0.55,26.0,12.0,1.0,5.6,0.1,0.0,0.00498887651569856
118,0,6.0,10.0,0.2,4.0,10.0,0.4,0.1,0.2,0.04,0.05,2.0,0.4,0.01,0.07,0.0,0.002,0.008,0.0,0.0,0.3,0.01,0.18,0.0,0.55,26.0,12.0,1.0,5.6,0.01,0.0,0.00249443825784927
119,0,0.6,5.0,0.02,10.0,10.0,4.0,0.1,0.2,4.0,0.005,2.0,10.0,0.01,0.007,0.0002,0.002,0.08,0.05,0.0003,0.0003,0.1,0.18,0.8,0.55,26.0,120.0,1.0,5.6,0.1,0.783,0.236208947050416
120,0,6.0,5.0,0.2,4.0,10.0,0.04,0.01,0.02,0.04,0.005,0.2,0.04,0.01,0.7,0.002,0.0002,0.0008,0.005,0.0,0.3,0.1,0.18,0.08,0.55,26.0,12.0,1.0,5.6,0.01,0.0,0.0193045763140936
121,0,6.0,2.0,0.2,0.4,0.4,0.04,0.01,0.02,0.4,0.05,2.0,0.0,0.1,0.07,0.02,0.0002,0.08,0.0,0.0,0.3,0.0,0.18,0.08,5.5,26.0,12.0,1.0,5.6,0.1,0.270666666666666,0.0132748718344932
122,0,0.6,10.0,0.02,0.04,4.0,0.04,0.1,0.2,4.0,0.05,0.02,4.0,0.1,0.0007,0.0002,0.002,0.008,0.05,0.0003,0.003,0.01,0.18,0.08,5.5,26.0,120.0,1.0,5.6,0.05,0.833999999999999,0.114841920336898
123,0,0.6,2.0,0.02,10.0,0.04,4.0,1.0,0.2,4.0,0.05,0.02,10.0,0.01,0.07,0.0002,0.0002,0.0008,0.005,0.0003,0.03,0.1,1.8,0.8,0.55,26.0,120.0,1.0,5.6,0.01,0.761333333333333,0.00873053390247259
124,0,6.0,10.0,0.02,4.0,0.04,0.4,1.0,0.2,0.04,0.05,0.2,4.0,0.1,0.0,0.02,0.0002,0.08,0.0005,3e-05,0.3,0.1,0.0,0.0,0.55,26.0,12.0,1.0,5.6,0.1,0.211333333333333,0.0628348806175536
125,0,6.0,10.0,0.2,0.4,4.0,0.4,0.01,0.2,0.04,0.05,2.0,4.0,0.01,0.0,0.0,0.002,0.0008,0.0,0.0,0.0,0.1,0.18,0.8,5.5,26.0,12.0,1.0,5.6,0.01,0.0,0.00880656320908193
126,0,6.0,5.0,0.02,0.04,0.4,0.4,0.01,0.02,0.04,0.05,2.0,0.04,0.01,0.007,0.0002,0.002,0.0008,0.005,0.0,0.003,0.1,1.8,0.08,5.5,26.0,12.0,1.0,5.6,0.1,0.160666666666666,0.0102089285540757
127,0,0.06,10.0,0.02,0.04,0.4,0.04,0.1,0.02,0.4,0.05,2.0,10.0,0.1,0.0007,0.2,0.002,0.08,0.05,0.0003,0.0003,0.01,1.8,0.8,5.5,26.0,120.0,1.0,5.6,0.05,1.13033333333333,0.08892443733617619
128,0,6.0,2.0,0.02,0.4,0.4,4.0,0.01,0.02,0.4,0.005,2.0,0.04,0.1,0.007,0.0002,0.002,0.008,0.005,0.0003,0.0,0.1,0.18,0.08,0.55,26.0,120.0,1.0,5.6,0.1,0.207333333333333,0.00694422221866655
129,0,0.06,10.0,0.2,4.0,0.4,4.0,1.0,0.02,4.0,0.05,0.2,0.04,0.01,0.0007,0.0002,0.002,0.0,0.0,0.0003,0.03,0.01,1.8,0.8,0.55,26.0,120.0,1.0,5.6,0.05,1.00166666666666,0.0767955438522025
130,0,0.06,2.0,0.02,0.04,4.0,4.0,0.01,0.2,0.4,0.05,2.0,0.0,0.01,0.7,0.002,0.002,0.0,0.005,0.0003,0.0,0.0,0.0,0.0,5.5,26.0,12.0,1.0,5.6,0.1,0.0,0.00679869268479038
131,0,6.0,10.0,0.2,0.4,0.4,4.0,0.1,0.2,4.0,0.005,2.0,0.0,0.1,0.0,0.002,0.002,0.008,0.005,0.0003,0.03,0.0,0.0,0.0,0.55,26.0,12.0,1.0,5.6,0.05,0.0,0.0123288280059379
132,0,0.6,5.0,0.2,10.0,4.0,0.4,0.1,0.02,0.04,0.05,0.02,0.4,0.01,0.007,0.02,0.002,0.008,0.005,0.0,0.003,0.0,0.18,0.08,0.55,26.0,120.0,1.0,5.6,0.1,1.146,0.134976541171666
133,0,0.6,2.0,0.2,0.04,0.4,4.0,0.01,0.02,4.0,0.005,2.0,10.0,0.01,0.0007,0.002,0.002,0.008,0.005,0.0,0.0003,0.1,0.0,0.0,5.5,26.0,120.0,1.0,5.6,0.01,0.0,0.00169967317119758
134,0,0.06,5.0,0.02,4.0,0.04,4.0,0.01,0.2,0.4,0.005,0.02,0.0,0.1,0.0,0.0002,0.0002,0.0,0.0,0.0,0.0,0.0,1.8,0.8,0.55,26.0,120.0,1.0,5.6,0.1,0.701333333333333,0.0362338086445365
135,0,6.0,5.0,0.02,10.0,10.0,0.4,0.01,0.2,0.4,0.005,2.0,0.04,0.1,0.0007,0.002,0.002,0.0008,0.005,0.0,0.003,0.1,1.8,0.0,5.5,26.0,12.0,1.0,5.6,0.1,0.114999999999999,0.0604207469886517
136,0,6.0,5.0,0.2,0.4,4.0,0.4,0.1,0.02,0.04,0.05,0.02,10.0,0.01,0.7,0.2,0.002,0.0008,0.05,3e-05,0.03,0.0,1.8,0.08,0.55,26.0,12.0,1.0,5.6,0.1,0.0523333333333333,0.0401441845795322
137,0,0.6,10.0,0.2,0.04,4.0,0.4,0.1,0.02,0.4,0.05,0.02,10.0,0.01,0.7,0.002,0.0002,0.08,0.0,0.0,0.03,0.01,0.0,0.0,5.5,26.0,12.0,1.0,5.6,0.05,0.0,0.00329983164553724
138,0,6.0,2.0,0.2,0.4,0.04,0.04,1.0,0.2,4.0,0.005,0.2,0.04,0.1,0.07,0.0002,0.0002,0.008,0.05,0.0003,0.0,0.0,0.0,0.08,5.5,26.0,120.0,1.0,5.6,0.1,0.57,0.0162685791225498
139,0,0.06,10.0,0.2,4.0,0.04,4.0,1.0,0.02,0.4,0.005,0.02,0.04,0.1,0.07,0.002,0.002,0.08,0.005,3e-05,0.003,0.01,0.0,0.8,5.5,26.0,12.0,1.0,5.6,0.1,0.585,0.393561515733775
140,0,6.0,5.0,0.02,0.4,10.0,4.0,1.0,0.02,0.4,0.005,2.0,0.4,0.01,0.0007,0.0,0.0002,0.08,0.05,3e-05,0.3,0.1,1.8,0.0,5.5,26.0,120.0,1.0,5.6,0.05,0.297333333333333,0.184841072876734
141,0,0.6,2.0,0.2,0.04,0.04,0.04,0.01,0.02,0.04,0.05,0.02,0.4,0.01,0.7,0.02,0.0002,0.08,0.005,0.0003,0.0003,0.1,0.0,0.08,0.55,26.0,12.0,1.0,5.6,0.05,0.0,0.0125698050899765
142,0,0.06,5.0,0.2,0.4,0.04,0.4,0.1,0.02,0.4,0.05,2.0,10.0,0.1,0.007,0.2,0.0002,0.0008,0.05,0.0,0.003,0.0,1.8,0.8,5.5,26.0,12.0,1.0,5.6,0.05,0.0,0.0429055810925442
143,0,0.06,10.0,0.2,0.04,0.4,0.04,0.1,0.2,4.0,0.05,2.0,0.0,0.1,0.007,0.2,0.0002,0.008,0.05,3e-05,0.3,0.1,0.0,0.0,0.55,26.0,120.0,1.0,5.6,0.1,0.639333333333333,0.0362491379207837
144,0,6.0,2.0,0.02,0.04,10.0,4.0,0.01,0.02,0.04,0.05,0.2,4.0,0.1,0.7,0.0002,0.002,0.0008,0.0005,0.0003,0.03,0.0,0.0,0.8,0.55,26.0,12.0,1.0,5.6,0.1,0.0,0.0106562449087638
145,0,6.0,2.0,0.2,0.04,10.0,4.0,0.01,0.02,0.04,0.05,2.0,0.4,0.01,0.007,0.002,0.0002,0.0,0.0005,3e-05,0.0003,0.0,1.8,0.0,5.5,26.0,120.0,1.0,5.6,0.05,0.137,0.0479328233630729
146,0,6.0,2.0,0.02,0.4,4.0,4.0,1.0,0.02,4.0,0.05,0.2,0.0,0.01,0.0007,0.0,0.0002,0.0,0.0,0.0,0.003,0.01,0.18,0.0,0.55,26.0,12.0,1.0,5.6,0.01,0.0,0.0129700509722291
147,0,6.0,2.0,0.2,10.0,0.4,0.4,0.1,0.2,0.4,0.05,0.2,0.4,0.01,0.07,0.002,0.002,0.008,0.05,3e-05,0.03,0.0,0.0,0.08,5.5,26.0,12.0,1.0,5.6,0.05,0.0,0.0152825245151301
148,0,0.06,5.0,0.2,4.0,0.04,0.4,1.0,0.2,4.0,0.005,0.2,4.0,0.1,0.0007,0.2,0.0002,0.008,0.005,0.0003,0.3,0.0,0.0,0.08,0.55,26.0,12.0,1.0,5.6,0.1,0.0,0.0106144555520604
149,0,6.0,2.0,0.02,4.0,0.4,0.04,1.0,0.2,0.4,0.05,0.2,10.0,0.01,0.7,0.002,0.002,0.0,0.05,0.0,0.03,0.1,0.0,0.08,0.55,26.0,120.0,1.0,5.6,0.01,0.0,0.00804155872120988
150,0,0.6,5.0,0.2,0.4,4.0,0.04,0.01,0.2,4.0,0.05,0.2,0.04,0.01,0.07,0.2,0.002,0.0008,0.05,3e-05,0.03,0.0,1.8,0.0,0.55,26.0,120.0,1.0,5.6,0.1,1.028,0.227376828683624
151,0,6.0,5.0,0.02,10.0,0.4,4.0,0.1,0.02,0.4,0.005,2.0,0.0,0.01,0.0007,0.2,0.0002,0.008,0.05,0.0,0.0,0.0,0.0,0.8,0.55,26.0,120.0,1.0,5.6,0.05,0.503666666666666,0.105389225677433
152,0,0.06,10.0,0.2,4.0,0.4,0.04,0.01,0.02,0.04,0.05,2.0,0.04,0.1,0.7,0.2,0.0002,0.008,0.0005,0.0003,0.0003,0.0,0.0,0.08,5.5,26.0,12.0,1.0,5.6,0.1,0.0,0.022464787260659
153,0,6.0,10.0,0.2,4.0,0.4,0.4,0.1,0.2,0.4,0.005,0.2,0.0,0.1,0.007,0.0,0.002,0.0008,0.0,3e-05,0.003,0.1,0.0,0.8,0.55,26.0,120.0,1.0,5.6,0.05,0.905999999999999,0.133417473451651
154,0,0.06,10.0,0.02,10.0,0.04,0.04,0.01,0.02,0.4,0.005,0.2,0.4,0.1,0.0,0.002,0.0002,0.0008,0.0,3e-05,0.3,0.01,1.8,0.08,5.5,26.0,12.0,1.0,5.6,0.1,0.170666666666666,0.107988682534585
155,0,0.6,5.0,0.02,0.04,0.4,0.04,0.01,0.02,0.4,0.05,2.0,0.0,0.1,0.07,0.0002,0.0002,0.08,0.0005,3e-05,0.0,0.01,1.8,0.0,0.55,26.0,120.0,1.0,5.6,0.01,0.278666666666666,0.035367907612536
156,0,0.06,5.0,0.2,0.04,0.4,0.04,0.01,0.02,0.4,0.005,2.0,0.4,0.1,0.7,0.02,0.002,0.0008,0.0005,0.0003,0.003,0.1,0.18,0.8,0.55,26.0,12.0,1.0,5.6,0.05,0.0,0.00848528137423857
157,0,0.06,10.0,0.2,0.4,4.0,0.04,1.0,0.02,4.0,0.05,2.0,4.0,0.1,0.0,0.02,0.0002,0.0,0.005,0.0003,0.03,0.01,0.18,0.08,5.5,26.0,120.0,1.0,5.6,0.01,0.247999999999999,0.0372051370407666
158,0,0.06,2.0,0.02,4.0,0.04,0.04,0.01,0.2,4.0,0.05,0.02,0.4,0.1,0.007,0.02,0.002,0.0008,0.005,0.0,0.0003,0.01,1.8,0.0,0.55,26.0,120.0,1.0,5.6,0.1,0.744666666666666,0.11296705517785
159,0,0.06,5.0,0.02,4.0,10.0,4.0,1.0,0.02,0.04,0.005,2.0,0.4,0.01,0.007,0.0,0.002,0.008,0.0005,3e-05,0.0003,0.1,1.8,0.08,0.55,26.0,12.0,1.0,5.6,0.1,0.0,0.012762793146051
160,0,0.06,5.0,0.02,0.4,4.0,0.4,0.1,0.2,4.0,0.05,2.0,0.0,0.1,0.7,0.0002,0.0002,0.08,0.005,3e-05,0.03,0.1,0.18,0.0,0.55,26.0,12.0,1.0,5.6,0.01,0.0,0.00509901951359277
161,0,0.06,5.0,0.02,0.04,0.04,0.04,0.01,0.2,0.4,0.05,0.2,4.0,0.1,0.7,0.02,0.0002,0.008,0.0005,0.0003,0.03,0.0,1.8,0.0,5.5,26.0,12.0,1.0,5.6,0.05,0.0,0.0800347146902864
162,0,6.0,5.0,0.2,4.0,10.0,0.4,0.1,0.2,0.4,0.005,2.0,0.0,0.1,0.0,0.002,0.0002,0.0008,0.0005,3e-05,0.03,0.01,0.18,0.08,5.5,26.0,12.0,1.0,5.6,0.01,0.0,0.0212759645296439
163,0,0.06,10.0,0.02,0.04,10.0,4.0,0.1,0.02,0.04,0.05,2.0,4.0,0.1,0.0,0.0002,0.002,0.008,0.0,3e-05,0.0,0.01,0.18,0.8,0.55,26.0,12.0,1.0,5.6,0.05,0.110666666666666,0.00974109279746831
164,0,0.06,5.0,0.2,4.0,4.0,4.0,0.1,0.2,0.04,0.05,2.0,0.4,0.01,0.7,0.002,0.002,0.0008,0.0005,0.0,0.003,0.1,0.0,0.0,5.5,26.0,12.0,1.0,5.6,0.01,0.0,0.00496655480858377
165,0,6.0,2.0,0.2,4.0,0.4,4.0,0.1,0.2,0.04,0.05,0.02,0.4,0.1,0.007,0.02,0.0002,0.008,0.005,3e-05,0.3,0.1,0.0,0.08,0.55,26.0,12.0,1.0,5.6,0.01,0.496333333333333,0.304973222868281
166,0,0.06,5.0,0.02,4.0,4.0,0.4,0.01,0.02,0.04,0.005,2.0,0.04,0.1,0.007,0.02,0.002,0.08,0.005,0.0,0.03,0.0,0.18,0.0,5.5,26.0,12.0,1.0,5.6,0.1,0.31,0.25067154250577
167,0,0.6,2.0,0.2,0.04,10.0,0.4,0.1,0.2,4.0,0.05,0.2,0.0,0.01,0.0,0.002,0.0002,0.0,0.0,0.0003,0.3,0.01,0.0,0.8,0.55,26.0,120.0,1.0,5.6,0.1,0.296666666666666,0.0160277537068951
168,0,0.06,2.0,0.2,10.0,4.0,0.04,0.1,0.02,4.0,0.05,0.2,0.0,0.01,0.0,0.02,0.0002,0.0,0.005,0.0,0.3,0.01,0.0,0.0,0.55,26.0,12.0,1.0,5.6,0.1,0.0,0.00424264068711928
169,0,6.0,10.0,0.02,0.04,10.0,0.04,1.0,0.02,0.4,0.005,0.2,0.4,0.1,0.7,0.0,0.0002,0.008,0.0,3e-05,0.0003,0.0,0.0,0.0,0.55,26.0,120.0,1.0,5.6,0.1,0.231333333333333,0.0400998753115267
170,0,0.06,10.0,0.2,0.4,0.4,0.4,1.0,0.2,0.04,0.05,2.0,4.0,0.1,0.7,0.02,0.0002,0.08,0.005,3e-05,0.0,0.1,1.8,0.0,0.55,26.0,120.0,1.0,5.6,0.01,0.105,0.0888081577834428
171,0,0.06,10.0,0.2,4.0,0.04,0.4,0.01,0.02,4.0,0.005,2.0,0.04,0.01,0.0,0.0002,0.002,0.008,0.005,3e-05,0.0003,0.01,0.0,0.0,0.55,26.0,12.0,1.0,5.6,0.01,0.0,0.00124721912892467
172,0,0.6,5.0,0.2,4.0,4.0,0.4,0.1,0.02,0.4,0.05,0.2,0.04,0.1,0.7,0.2,0.002,0.08,0.0,3e-05,0.0003,0.01,1.8,0.8,5.5,26.0,120.0,1.0,5.6,0.05,2.219,0.311228033584522
173,0,0.6,5.0,0.2,4.0,0.4,0.04,0.1,0.02,0.4,0.05,0.2,0.04,0.1,0.0007,0.002,0.0002,0.0008,0.005,3e-05,0.0,0.01,1.8,0.0,5.5,26.0,120.0,1.0,5.6,0.01,0.923666666666666,0.0473075046900595
174,0,0.06,5.0,0.2,4.0,4.0,0.04,0.1,0.2,0.4,0.05,0.2,0.04,0.1,0.0007,0.0,0.0002,0.008,0.005,3e-05,0.0,0.01,1.8,0.0,5.5,26.0,120.0,1.0,5.6,0.05,1.37766666666666,0.113457774818064
175,0,0.6,2.0,0.2,0.4,4.0,0.4,0.1,0.02,0.4,0.05,0.02,0.4,0.1,0.07,0.0,0.0002,0.0008,0.05,3e-05,0.0003,0.01,1.8,0.8,5.5,26.0,120.0,1.0,5.6,0.05,1.21766666666666,0.594067897354053
176,0,0.06,5.0,0.2,0.4,4.0,0.4,0.1,0.02,0.4,0.05,0.2,10.0,0.1,0.07,0.002,0.0002,0.008,0.05,3e-05,0.0,0.01,1.8,0.8,5.5,26.0,120.0,1.0,5.6,0.01,1.74266666666666,0.172292387140774
177,0,0.6,2.0,0.2,0.4,4.0,0.04,0.1,0.02,0.4,0.05,0.2,0.04,0.1,0.7,0.02,0.002,0.0008,0.05,0.0003,0.03,0.01,1.8,0.8,5.5,26.0,120.0,1.0,5.6,0.1,1.273,0.0761591900050296
178,0,0.6,5.0,0.2,0.4,4.0,0.4,0.1,2.0,0.4,0.05,0.02,0.04,0.01,0.0,0.002,0.002,0.0008,0.05,3e-05,0.03,0.01,1.8,0.0,5.5,26.0,120.0,1.0,5.6,0.1,1.36866666666666,0.255375540462799
179,0,0.6,2.0,0.2,4.0,4.0,0.4,0.1,0.2,0.4,0.05,0.2,4.0,0.01,0.7,0.2,0.0002,0.0008,0.0005,0.0003,0.0,0.01,1.8,0.0,5.5,26.0,120.0,1.0,5.6,0.1,1.553,0.131548047833819
180,0,0.6,5.0,0.2,4.0,4.0,0.04,0.1,0.02,0.4,0.05,0.2,0.4,0.01,0.0,0.002,0.0002,0.08,0.05,3e-05,0.03,0.01,1.8,0.0,5.5,26.0,120.0,1.0,5.6,0.05,1.682,0.348706498680799
181,0,0.06,2.0,0.2,4.0,4.0,0.04,0.1,0.2,0.4,0.05,0.2,10.0,0.01,0.007,0.002,0.002,0.008,0.05,3e-05,0.3,0.01,1.8,0.0,5.5,26.0,120.0,1.0,5.6,0.05,1.53333333333333,0.108665644166968
182,0,0.06,2.0,0.2,0.4,0.4,0.4,0.1,2.0,0.4,0.05,0.2,10.0,0.01,0.0,0.0,0.002,0.0008,0.005,0.0003,0.03,0.01,1.8,0.0,5.5,26.0,120.0,1.0,5.6,0.1,1.11933333333333,0.0377918274528
183,0,0.6,5.0,0.2,4.0,0.4,0.04,0.1,0.02,0.4,0.05,0.02,0.4,0.01,0.7,0.2,0.0002,0.08,0.005,0.0003,0.0003,0.01,1.8,0.0,5.5,26.0,120.0,1.0,5.6,0.01,0.805666666666666,0.154255199804307
184,0,0.6,2.0,0.2,0.4,4.0,0.4,0.1,0.2,0.4,0.05,0.02,4.0,0.01,0.0007,0.02,0.0002,0.08,0.005,0.0003,0.003,0.01,1.8,0.0,5.5,26.0,120.0,1.0,5.6,0.1,1.32333333333333,0.38308948765994
185,0,0.06,5.0,0.2,0.4,0.4,0.04,0.1,0.02,0.4,0.05,0.2,0.4,0.01,0.0007,0.2,0.002,0.0008,0.0005,0.0003,0.0003,0.01,1.8,0.8,5.5,26.0,120.0,1.0,5.6,0.1,0.975,0.149947398184237
186,0,0.06,5.0,0.2,0.4,0.4,0.4,0.1,0.2,0.4,0.05,0.02,10.0,0.1,0.07,0.0002,0.0002,0.08,0.0005,3e-05,0.0,0.01,1.8,0.8,5.5,26.0,120.0,1.0,5.6,0.05,1.19466666666666,0.167865025144211
187,0,0.6,2.0,0.2,0.4,0.4,0.04,0.1,0.2,0.4,0.05,0.02,0.04,0.1,0.7,0.0002,0.002,0.008,0.0005,3e-05,0.3,0.01,1.8,0.0,5.5,26.0,120.0,1.0,5.6,0.05,1.385,0.264047133839564
188,0,0.06,2.0,0.2,4.0,0.4,0.04,0.1,0.2,0.4,0.05,0.02,10.0,0.01,0.0,0.02,0.0002,0.08,0.0,0.0003,0.0,0.01,1.8,0.8,5.5,26.0,120.0,1.0,5.6,0.01,0.092,0.10089378353276
189,0,0.06,2.0,0.2,4.0,4.0,0.04,0.1,2.0,0.4,0.05,0.02,4.0,0.1,0.007,0.0,0.0002,0.08,0.0005,0.0003,0.3,0.01,1.8,0.8,5.5,26.0,120.0,1.0,5.6,0.1,0.935666666666666,0.0384967531098402
190,0,0.6,5.0,0.2,0.4,0.4,0.04,0.1,2.0,0.4,0.05,0.2,0.04,0.1,0.0007,0.002,0.0002,0.008,0.0005,3e-05,0.0003,0.01,1.8,0.8,5.5,26.0,120.0,1.0,5.6,0.01,0.272333333333333,0.016739839372653
191,0,0.6,5.0,0.2,4.0,0.4,0.4,0.1,2.0,0.4,0.05,0.02,0.04,0.01,0.007,0.002,0.002,0.08,0.05,0.0003,0.0,0.01,1.8,0.0,5.5,26.0,120.0,1.0,5.6,0.05,1.46133333333333,0.441083766294894
192,0,0.6,5.0,0.2,4.0,4.0,0.4,0.1,0.2,0.4,0.05,0.2,0.04,0.01,0.0007,0.0002,0.0002,0.008,0.005,0.0003,0.3,0.01,1.8,0.8,5.5,26.0,120.0,1.0,5.6,0.01,0.290666666666666,0.199225165746365
193,0,0.06,2.0,0.2,4.0,4.0,0.4,0.1,0.02,0.4,0.05,0.2,0.4,0.1,0.0007,0.0002,0.0002,0.08,0.05,3e-05,0.03,0.01,1.8,0.8,5.5,26.0,120.0,1.0,5.6,0.1,0.969333333333333,0.0422084772949172
194,0,0.6,5.0,0.2,0.4,0.4,0.4,0.1,0.2,0.4,0.05,0.2,0.4,0.01,0.0007,0.002,0.002,0.0008,0.0,3e-05,0.0003,0.01,1.8,0.0,5.5,26.0,120.0,1.0,5.6,0.05,1.00266666666666,0.0973070740833711
195,0,0.6,2.0,0.2,0.4,0.4,0.4,0.1,0.2,0.4,0.05,0.02,10.0,0.01,0.0007,0.02,0.0002,0.08,0.05,3e-05,0.003,0.01,1.8,0.0,5.5,26.0,120.0,1.0,5.6,0.01,0.667,0.173121023821166
196,0,0.6,2.0,0.2,4.0,0.4,0.4,0.1,0.2,0.4,0.05,0.2,10.0,0.1,0.007,0.0002,0.002,0.08,0.0005,3e-05,0.3,0.01,1.8,0.0,5.5,26.0,120.0,1.0,5.6,0.01,1.05766666666666,0.0572771042098557
197,0,0.6,5.0,0.2,4.0,0.4,0.04,0.1,0.02,0.4,0.05,0.02,4.0,0.1,0.0,0.02,0.002,0.08,0.0005,0.0003,0.003,0.01,1.8,0.8,5.5,26.0,120.0,1.0,5.6,0.05,0.921333333333333,0.138540808268017
198,0,0.06,5.0,0.2,4.0,4.0,0.04,0.1,2.0,0.4,0.05,0.2,4.0,0.01,0.0007,0.0002,0.0002,0.008,0.0,3e-05,0.03,0.01,1.8,0.0,5.5,26.0,120.0,1.0,5.6,0.05,0.930666666666666,0.094343344580668
199,0,0.6,5.0,0.2,0.4,4.0,0.04,0.1,0.02,0.4,0.05,0.02,0.04,0.01,0.07,0.0,0.002,0.008,0.0005,3e-05,0.3,0.01,1.8,0.0,5.5,26.0,120.0,1.0,5.6,0.01,0.869666666666666,0.165414630550021
200,0,0.6,5.0,0.2,4.0,4.0,0.4,0.1,2.0,0.4,0.05,0.2,0.04,0.1,0.0,0.2,0.002,0.08,0.005,3e-05,0.0003,0.01,1.8,0.8,5.5,26.0,120.0,1.0,5.6,0.01,0.199666666666666,0.17584841957398
201,0,0.6,2.0,0.2,0.4,4.0,0.04,0.1,2.0,0.4,0.05,0.02,0.4,0.1,0.007,0.002,0.002,0.08,0.05,0.0003,0.3,0.01,1.8,0.8,5.5,26.0,120.0,1.0,5.6,0.01,0.954333333333333,0.247400260486703
202,0,0.06,5.0,0.2,0.4,0.4,0.04,0.1,0.02,0.4,0.05,0.2,10.0,0.01,0.007,0.0002,0.0002,0.08,0.05,3e-05,0.03,0.01,1.8,0.8,5.5,26.0,120.0,1.0,5.6,0.1,0.329999999999999,0.0123288280059379
203,0,0.6,5.0,0.2,4.0,4.0,0.04,0.1,0.02,0.4,0.05,0.02,0.4,0.1,0.007,0.002,0.0002,0.0008,0.005,3e-05,0.3,0.01,1.8,0.0,5.5,26.0,120.0,1.0,5.6,0.05,0.424,0.016573070526208
204,0,0.06,2.0,0.2,4.0,0.4,0.04,0.1,0.02,0.4,0.05,0.02,4.0,0.01,0.07,0.0002,0.0002,0.0008,0.05,0.0003,0.03,0.01,1.8,0.8,5.5,26.0,120.0,1.0,5.6,0.05,0.314333333333333,0.0415076967427595
205,0,0.06,5.0,0.2,4.0,4.0,0.4,0.1,0.02,0.4,0.05,0.02,0.04,0.01,0.0,0.0002,0.002,0.08,0.0,0.0003,0.03,0.01,1.8,0.0,5.5,26.0,120.0,1.0,5.6,0.05,0.433999999999999,0.0141421356237309
206,0,0.06,5.0,0.2,0.4,0.4,0.04,0.1,2.0,0.4,0.05,0.2,0.04,0.01,0.0007,0.02,0.0002,0.008,0.0,0.0003,0.3,0.01,1.8,0.8,5.5,26.0,120.0,1.0,5.6,0.05,0.202,0.0131402688962846
207,0,0.06,5.0,0.2,4.0,0.4,0.4,0.1,2.0,0.4,0.05,0.2,0.04,0.01,0.07,0.0,0.002,0.08,0.0,0.0003,0.0003,0.01,1.8,0.8,5.5,26.0,120.0,1.0,5.6,0.1,0.388333333333333,0.0264112770527204
208,0,0.06,5.0,0.2,4.0,4.0,0.4,0.1,0.2,0.4,0.05,0.02,0.04,0.01,0.0,0.002,0.0002,0.08,0.005,0.0003,0.3,0.01,1.8,0.8,5.5,26.0,120.0,1.0,5.6,0.05,0.276333333333333,0.00249443825784929
209,0,0.06,5.0,0.2,4.0,4.0,0.04,0.1,0.2,0.4,0.05,0.02,4.0,0.1,0.07,0.0,0.002,0.08,0.0005,3e-05,0.03,0.01,1.8,0.8,5.5,26.0,120.0,1.0,5.6,0.05,0.343,0.0334763598180367
210,0,0.06,5.0,0.2,0.4,0.4,0.4,0.1,2.0,0.4,0.05,0.2,10.0,0.01,0.7,0.2,0.0002,0.08,0.0005,0.0003,0.003,0.01,1.8,0.0,5.5,26.0,120.0,1.0,5.6,0.05,0.328333333333333,0.0477237420531495
211,0,0.6,5.0,0.2,4.0,4.0,0.4,0.1,0.2,0.4,0.05,0.2,10.0,0.1,0.007,0.002,0.002,0.008,0.0005,0.0003,0.03,0.01,1.8,0.0,5.5,26.0,120.0,1.0,5.6,0.05,0.278666666666666,0.0060184900284226
212,0,0.06,5.0,0.2,0.4,0.4,0.04,0.1,0.2,0.4,0.05,0.2,0.4,0.1,0.7,0.0,0.0002,0.008,0.0,0.0003,0.3,0.01,1.8,0.0,5.5,26.0,120.0,1.0,5.6,0.1,0.368333333333333,0.0448131925020101
213,0,0.06,5.0,0.2,4.0,4.0,0.04,0.1,0.02,0.4,0.05,0.02,10.0,0.01,0.07,0.02,0.002,0.08,0.005,3e-05,0.0,0.01,1.8,0.8,5.5,26.0,120.0,1.0,5.6,0.05,0.275333333333333,0.0302691628926572
214,0,0.06,2.0,0.2,0.4,4.0,0.04,0.1,2.0,0.4,0.05,0.2,10.0,0.1,0.0,0.0002,0.0002,0.0008,0.0005,0.0003,0.003,0.01,1.8,0.0,5.5,26.0,120.0,1.0,5.6,0.05,0.339666666666666,0.0106562449087639
215,0,0.6,2.0,0.2,0.4,4.0,0.4,0.1,0.2,0.4,0.05,0.02,10.0,0.01,0.007,0.2,0.002,0.0008,0.0005,0.0003,0.0,0.01,1.8,0.0,5.5,26.0,120.0,1.0,5.6,0.05,0.229666666666666,0.0335592345297418
216,0,0.06,2.0,0.2,4.0,0.4,0.4,0.1,0.2,0.4,0.05,0.02,0.4,0.01,0.007,0.002,0.0002,0.08,0.005,3e-05,0.0003,0.01,1.8,0.0,5.5,26.0,120.0,1.0,5.6,0.1,0.343999999999999,0.0471239500325117
217,0,0.06,5.0,0.2,0.4,4.0,0.04,0.1,0.2,0.4,0.05,0.02,0.04,0.1,0.0,0.0002,0.002,0.08,0.0,3e-05,0.0,0.01,1.8,0.8,5.5,26.0,120.0,1.0,5.6,0.1,0.259666666666666,0.0296348143611904
218,0,0.6,5.0,0.2,4.0,4.0,0.4,0.1,0.2,0.4,0.05,0.2,4.0,0.1,0.0,0.002,0.002,0.08,0.0,3e-05,0.0,0.01,1.8,0.8,5.5,26.0,120.0,1.0,5.6,0.05,0.338666666666666,0.0100774776385539
219,0,0.06,2.0,0.2,4.0,0.4,0.04,0.1,0.02,0.4,0.05,0.02,0.4,0.1,0.0,0.02,0.002,0.08,0.0,0.0003,0.0,0.01,1.8,0.8,5.5,26.0,120.0,1.0,5.6,0.1,0.362666666666666,0.0348934887272046
220,0,0.06,5.0,0.2,0.4,0.4,0.04,0.1,2.0,0.4,0.05,0.02,0.4,0.1,0.0,0.002,0.002,0.08,0.0,0.0003,0.0,0.01,1.8,0.8,5.5,26.0,120.0,1.0,5.6,0.1,0.301333333333333,0.046161552063258
221,0,0.6,2.0,0.2,4.0,0.4,0.04,0.1,2.0,0.4,0.05,0.02,0.04,0.1,0.0,0.2,0.002,0.008,0.0,3e-05,0.0,0.01,1.8,0.8,5.5,26.0,120.0,1.0,5.6,0.05,0.404333333333333,0.0687475252079827
222,0,0.06,5.0,0.2,0.4,0.4,0.04,0.1,0.02,0.4,0.05,0.2,0.4,0.1,0.0,0.0002,0.002,0.008,0.0,0.0003,0.0,0.01,1.8,0.8,5.5,26.0,120.0,1.0,5.6,0.1,0.175,0.025152865973218
223,0,0.6,5.0,0.2,4.0,4.0,0.04,0.1,2.0,0.4,0.05,0.02,0.04,0.1,0.0,0.0002,0.002,0.008,0.0,0.0003,0.0,0.01,1.8,0.8,5.5,26.0,120.0,1.0,5.6,0.05,0.305666666666666,0.0174419672692681
224,0,0.06,5.0,0.2,4.0,4.0,0.4,0.1,0.2,0.4,0.05,0.02,4.0,0.1,0.0,0.0,0.002,0.008,0.0,3e-05,0.0,0.01,1.8,0.8,5.5,26.0,120.0,1.0,5.6,0.1,0.286,0.0115181016954473
225,0,0.6,5.0,0.2,4.0,0.4,0.4,0.1,0.02,0.4,0.05,0.02,4.0,0.1,0.0,0.0002,0.002,0.008,0.0,0.0003,0.0,0.01,1.8,0.8,5.5,26.0,120.0,1.0,5.6,0.1,0.346666666666666,0.0384216374224501
226,0,0.06,2.0,0.2,4.0,0.4,0.04,0.1,0.02,0.4,0.05,0.2,0.4,0.1,0.0,0.0002,0.002,0.08,0.0,0.0003,0.0,0.01,1.8,0.8,5.5,26.0,120.0,1.0,5.6,0.05,0.252333333333333,0.0125521135891751
227,0,0.06,2.0,0.2,0.4,4.0,0.04,0.1,0.02,0.4,0.05,0.02,0.04,0.1,0.0,0.0,0.002,0.008,0.0,3e-05,0.0,0.01,1.8,0.8,5.5,26.0,120.0,1.0,5.6,0.05,0.188666666666666,0.018061622912192
228,0,0.6,2.0,0.2,0.4,4.0,0.04,0.1,0.2,0.4,0.05,0.2,10.0,0.1,0.0,0.0002,0.002,0.008,0.0,0.0003,0.0,0.01,1.8,0.8,5.5,26.0,120.0,1.0,5.6,0.05,0.148999999999999,0.00711805216802088
229,0,0.6,2.0,0.2,0.4,4.0,0.4,0.1,2.0,0.4,0.05,0.02,0.04,0.1,0.0,0.002,0.002,0.008,0.0,0.0003,0.0,0.01,1.8,0.8,5.5,26.0,120.0,1.0,5.6,0.1,0.308333333333333,0.0306847772609735
230,0,0.6,5.0,0.2,4.0,0.4,0.4,0.1,0.02,0.4,0.05,0.02,0.04,0.1,0.0,0.0002,0.002,0.008,0.0,3e-05,0.0,0.01,1.8,0.8,5.5,26.0,120.0,1.0,5.6,0.05,0.329999999999999,0.0247790233867277
231,0,0.6,5.0,0.2,0.4,4.0,0.4,0.1,0.02,0.4,0.05,0.02,10.0,0.1,0.0,0.002,0.002,0.008,0.0,0.0003,0.0,0.01,1.8,0.8,5.5,26.0,120.0,1.0,5.6,0.1,0.256333333333333,0.0643652770435185
232,1,0.06,2.0,0.2,4.0,4.0,0.4,0.1,0.2,0.4,0.05,0.2,10.0,0.01,0.0007,0.002,0.0002,0.08,0.05,0.0003,0.0,0.01,1.8,0.0,5.5,26.0,120.0,1.0,5.6,0.01,0.550999999999999,0.0629567752950827
233,1,0.06,2.0,0.2,4.0,4.0,0.4,0.1,0.02,0.4,0.05,0.2,10.0,0.01,0.0007,0.002,0.0002,0.08,0.05,0.0003,0.0,0.01,1.8,0.0,5.5,26.0,120.0,1.0,5.6,0.01,0.645666666666666,0.0825321486183145
234,1,0.06,2.0,0.2,4.0,4.0,0.4,0.1,0.2,0.4,0.05,0.2,10.0,0.1,0.0007,0.002,0.0002,0.08,0.05,0.0003,0.0,0.01,1.8,0.0,5.5,26.0,120.0,1.0,5.6,0.01,0.494999999999999,0.0341792659696228
235,1,0.06,2.0,0.2,4.0,4.0,0.4,0.1,0.02,0.4,0.05,0.2,10.0,0.1,0.0007,0.002,0.0002,0.08,0.05,0.0003,0.0,0.01,1.8,0.0,5.5,26.0,120.0,1.0,5.6,0.01,0.418999999999999,0.0628985073131487
236,1,0.06,5.0,0.2,4.0,4.0,0.4,0.1,0.2,0.4,0.05,0.2,10.0,0.01,0.0007,0.002,0.0002,0.08,0.05,0.0003,0.0,0.01,1.8,0.0,5.5,26.0,120.0,1.0,5.6,0.01,0.526999999999999,0.100107719760044
237,1,0.06,5.0,0.2,4.0,4.0,0.4,0.1,0.02,0.4,0.05,0.2,10.0,0.01,0.0007,0.002,0.0002,0.08,0.05,0.0003,0.0,0.01,1.8,0.0,5.5,26.0,120.0,1.0,5.6,0.01,0.408333333333333,0.0248327740429189
238,1,0.06,2.0,0.2,4.0,4.0,0.4,0.1,0.2,0.4,0.05,0.02,10.0,0.01,0.0007,0.002,0.0002,0.08,0.05,0.0003,0.0,0.01,1.8,0.0,5.5,26.0,120.0,1.0,5.6,0.01,0.470666666666666,0.0223954360429877
239,1,0.06,2.0,0.2,4.0,4.0,0.4,0.1,0.02,0.4,0.05,0.02,10.0,0.01,0.0007,0.002,0.0002,0.08,0.05,0.0003,0.0,0.01,1.8,0.0,5.5,26.0,120.0,1.0,5.6,0.01,0.404,0.0472322865092183
240,1,0.06,2.0,0.2,4.0,4.0,0.4,0.1,0.2,0.4,0.05,0.2,10.0,0.01,0.0007,0.002,0.0002,0.008,0.05,0.0003,0.0,0.01,1.8,0.0,5.5,26.0,120.0,1.0,5.6,0.01,0.474,0.0343737626039914
241,1,0.06,2.0,0.2,4.0,4.0,0.4,0.1,0.02,0.4,0.05,0.2,10.0,0.01,0.0007,0.002,0.0002,0.008,0.05,0.0003,0.0,0.01,1.8,0.0,5.5,26.0,120.0,1.0,5.6,0.01,0.46,0.0787922726047562
242,1,0.06,2.0,0.2,0.4,4.0,0.4,0.1,0.2,0.4,0.05,0.2,10.0,0.01,0.0007,0.002,0.0002,0.008,0.05,0.0003,0.0,0.01,1.8,0.0,5.5,26.0,120.0,1.0,5.6,0.01,0.612999999999999,0.0489376019936499
243,1,0.06,2.0,0.2,4.0,4.0,0.4,0.1,0.2,0.4,0.05,0.2,4.0,0.01,0.0007,0.002,0.0002,0.08,0.05,0.0003,0.0,0.01,1.8,0.0,5.5,26.0,120.0,1.0,5.6,0.01,0.665333333333333,0.0346698716467194
244,1,0.06,2.0,0.2,0.4,4.0,0.4,0.1,0.02,0.4,0.05,0.2,10.0,0.01,0.0007,0.002,0.0002,0.008,0.05,0.0003,0.0,0.01,1.8,0.0,5.5,26.0,120.0,1.0,5.6,0.01,0.598666666666666,0.0337177829770714
245,1,0.06,2.0,0.2,4.0,4.0,0.4,0.1,0.02,0.4,0.05,0.2,4.0,0.01,0.0007,0.002,0.0002,0.08,0.05,0.0003,0.0,0.01,1.8,0.0,5.5,26.0,120.0,1.0,5.6,0.01,0.647333333333333,0.066788222514652
246,1,0.06,2.0,0.2,0.4,4.0,0.4,0.1,0.2,0.4,0.05,0.2,10.0,0.01,0.0007,0.002,0.0002,0.08,0.05,0.0003,0.0,0.01,1.8,0.0,5.5,26.0,120.0,1.0,5.6,0.01,0.612666666666666,0.00903081145609604
247,1,0.06,5.0,0.2,4.0,4.0,0.4,0.1,0.2,0.4,0.05,0.02,10.0,0.01,0.0007,0.002,0.0002,0.08,0.05,0.0003,0.0,0.01,1.8,0.0,5.5,26.0,120.0,1.0,5.6,0.01,0.35,0.00543650214343333
248,1,0.06,2.0,0.2,4.0,4.0,0.4,0.1,0.02,0.4,0.05,0.2,0.4,0.01,0.0007,0.002,0.0002,0.08,0.05,0.0003,0.0,0.01,1.8,0.0,5.5,26.0,120.0,1.0,5.6,0.01,0.736666666666666,0.141681175727601
249,1,0.06,5.0,0.2,4.0,4.0,0.4,0.1,0.02,0.4,0.05,0.02,10.0,0.01,0.0007,0.002,0.0002,0.08,0.05,0.0003,0.0,0.01,1.8,0.0,5.5,26.0,120.0,1.0,5.6,0.01,0.363666666666666,0.0291013554476228
250,1,0.06,2.0,0.2,0.4,4.0,0.4,0.1,0.02,0.4,0.05,0.2,10.0,0.01,0.0007,0.002,0.0002,0.08,0.05,0.0003,0.0,0.01,1.8,0.0,5.5,26.0,120.0,1.0,5.6,0.01,0.465999999999999,0.0236971634495683
251,2,0.06,5.0,0.2,4.0,4.0,0.4,0.1,2.0,0.4,0.05,0.2,0.4,0.01,0.07,0.0002,0.0002,0.0008,0.05,3e-05,0.03,0.01,1.8,0.0,5.5,26.0,120.0,1.0,5.6,0.01,0.562666666666666,0.0368510515453765
252,2,0.6,2.0,0.2,4.0,4.0,0.4,0.1,2.0,0.4,0.05,0.2,4.0,0.1,0.07,0.002,0.0002,0.0008,0.05,0.0003,0.0,0.01,1.8,0.0,5.5,26.0,120.0,1.0,5.6,0.01,0.580666666666666,0.0842654535777661
253,2,0.06,2.0,0.2,0.4,4.0,0.04,0.1,2.0,0.4,0.05,0.2,4.0,0.01,0.07,0.0002,0.0002,0.0008,0.05,3e-05,0.03,0.01,1.8,0.0,5.5,26.0,120.0,1.0,5.6,0.01,0.568333333333333,0.0271825107171668
254,2,0.6,2.0,0.2,0.4,4.0,0.4,0.1,2.0,0.4,0.05,0.02,0.4,0.1,0.07,0.002,0.0002,0.0008,0.05,0.0003,0.0003,0.01,1.8,0.0,5.5,26.0,120.0,1.0,5.6,0.01,0.568,0.060917065662168
255,2,0.6,5.0,0.2,4.0,4.0,0.4,0.1,2.0,0.4,0.05,0.2,0.4,0.01,0.07,0.002,0.0002,0.0008,0.05,3e-05,0.0,0.01,1.8,0.0,5.5,26.0,120.0,1.0,5.6,0.01,0.601666666666666,0.0689540910074715
256,2,0.6,2.0,0.2,0.4,4.0,0.4,0.1,2.0,0.4,0.05,0.02,0.4,0.1,0.07,0.002,0.0002,0.0008,0.05,0.0003,0.003,0.01,1.8,0.0,5.5,26.0,120.0,1.0,5.6,0.01,0.527666666666666,0.0204613456709637
257,2,0.6,2.0,0.2,0.4,4.0,0.4,0.1,2.0,0.4,0.05,0.02,0.4,0.1,0.07,0.002,0.0002,0.0008,0.05,0.0003,0.03,0.01,1.8,0.0,5.5,26.0,120.0,1.0,5.6,0.01,0.576,0.02574662868977
258,2,0.6,2.0,0.2,0.4,4.0,0.4,0.1,2.0,0.4,0.05,0.2,10.0,0.01,0.07,0.002,0.0002,0.08,0.05,0.0003,0.03,0.01,1.8,0.0,5.5,26.0,120.0,1.0,5.6,0.01,0.55,0.0408357142163027
259,2,0.06,2.0,0.2,0.4,4.0,0.04,0.1,2.0,0.4,0.05,0.2,4.0,0.01,0.07,0.0002,0.0002,0.0008,0.05,3e-05,0.003,0.01,1.8,0.0,5.5,26.0,120.0,1.0,5.6,0.01,0.57,0.0361509182302315
260,2,0.6,2.0,0.2,0.4,4.0,0.4,0.1,2.0,0.4,0.05,0.02,0.4,0.1,0.07,0.002,0.0002,0.008,0.05,3e-05,0.0,0.01,1.8,0.0,5.5,26.0,120.0,1.0,5.6,0.01,0.576333333333333,0.0322214559295855
261,2,0.6,2.0,0.2,0.4,4.0,0.4,0.1,2.0,0.4,0.05,0.2,10.0,0.01,0.07,0.002,0.0002,0.08,0.05,0.0003,0.003,0.01,1.8,0.0,5.5,26.0,120.0,1.0,5.6,0.01,0.455333333333333,0.0505459087255228
262,2,0.6,2.0,0.2,0.4,4.0,0.4,0.1,2.0,0.4,0.05,0.2,10.0,0.01,0.07,0.002,0.0002,0.08,0.05,0.0003,0.0003,0.01,1.8,0.0,5.5,26.0,120.0,1.0,5.6,0.01,0.514666666666666,0.0297097066068761
263,2,0.6,2.0,0.2,0.4,4.0,0.4,0.1,2.0,0.4,0.05,0.02,0.4,0.1,0.07,0.002,0.0002,0.008,0.05,3e-05,0.0003,0.01,1.8,0.0,5.5,26.0,120.0,1.0,5.6,0.01,0.515666666666666,0.0561664193862014
264,2,0.06,5.0,0.2,0.4,4.0,0.4,0.1,2.0,0.4,0.05,0.2,4.0,0.01,0.07,0.002,0.0002,0.08,0.05,0.0003,0.03,0.01,1.8,0.0,5.5,26.0,120.0,1.0,5.6,0.01,0.491333333333333,0.0313829394558395
265,2,0.6,2.0,0.2,0.4,4.0,0.4,0.1,2.0,0.4,0.05,0.2,10.0,0.01,0.07,0.002,0.0002,0.08,0.05,0.0003,0.0,0.01,1.8,0.0,5.5,26.0,120.0,1.0,5.6,0.01,0.594,0.180535007377762
266,2,0.6,2.0,0.2,0.4,4.0,0.4,0.1,2.0,0.4,0.05,0.2,10.0,0.01,0.07,0.002,0.0002,0.08,0.05,3e-05,0.03,0.01,1.8,0.0,5.5,26.0,120.0,1.0,5.6,0.01,0.636666666666666,0.106266959430797
267,2,0.6,2.0,0.2,0.4,4.0,0.4,0.1,2.0,0.4,0.05,0.02,0.4,0.1,0.07,0.002,0.0002,0.008,0.05,3e-05,0.003,0.01,1.8,0.0,5.5,26.0,120.0,1.0,5.6,0.01,0.505333333333333,0.0460169051062275
268,2,0.06,5.0,0.2,0.4,4.0,0.4,0.1,2.0,0.4,0.05,0.2,4.0,0.01,0.07,0.002,0.0002,0.08,0.05,0.0003,0.003,0.01,1.8,0.0,5.5,26.0,120.0,1.0,5.6,0.01,0.456999999999999,0.0154344492037202
269,2,0.6,2.0,0.2,0.4,0.4,0.4,0.1,0.2,0.4,0.05,0.2,0.4,0.1,0.007,0.002,0.002,0.008,0.005,0.0003,0.003,0.01,1.8,0.8,5.5,26.0,120.0,1.0,5.6,0.1,0.814333333333333,0.0661026138330063
270,3,0.6,5.0,0.2,0.4,4.0,0.4,0.1,0.2,0.4,0.05,0.2,0.04,0.01,0.007,0.002,0.0002,0.08,0.05,0.0003,0.0,0.01,1.8,0.8,5.5,26.0,120.0,1.0,5.6,0.01,0.887999999999999,0.124403465475131
271,3,0.6,5.0,0.2,4.0,4.0,0.4,0.1,0.02,0.4,0.05,0.2,0.04,0.1,0.007,0.002,0.0002,0.008,0.05,3e-05,0.0,0.01,1.8,0.8,5.5,26.0,120.0,1.0,5.6,0.01,0.883999999999999,0.0828827820210901
272,3,0.6,2.0,0.2,0.4,4.0,0.4,0.1,0.2,0.4,0.05,0.2,0.4,0.1,0.007,0.002,0.002,0.08,0.05,0.0003,0.0,0.01,1.8,0.8,5.5,26.0,120.0,1.0,5.6,0.01,1.35133333333333,0.152871042240038
273,3,0.6,5.0,0.2,0.4,4.0,0.4,0.1,0.2,0.4,0.05,0.2,0.04,0.01,0.07,0.002,0.0002,0.08,0.05,0.0003,0.0,0.01,1.8,0.8,5.5,26.0,120.0,1.0,5.6,0.01,0.848,0.0159652400197707
274,3,0.6,2.0,0.2,0.4,4.0,0.4,0.1,0.02,0.4,0.05,0.2,0.4,0.01,0.07,0.002,0.002,0.08,0.05,3e-05,0.0,0.01,1.8,0.8,5.5,26.0,120.0,1.0,5.6,0.01,1.06799999999999,0.0120369800568451
275,3,0.6,5.0,0.2,0.4,4.0,0.4,0.1,0.2,0.4,0.05,0.2,0.04,0.01,0.07,0.002,0.0002,0.08,0.05,3e-05,0.0,0.01,1.8,0.8,5.5,26.0,120.0,1.0,5.6,0.01,0.895,0.109137018874847
276,3,0.6,2.0,0.2,0.4,0.4,0.4,0.1,0.2,0.4,0.05,0.2,0.4,0.1,0.07,0.002,0.0002,0.008,0.05,0.0003,0.0,0.01,1.8,0.8,5.5,26.0,120.0,1.0,5.6,0.01,1.82433333333333,0.0829471049658892
277,3,0.6,2.0,0.2,0.4,0.4,0.4,0.1,0.2,0.4,0.05,0.2,0.04,0.1,0.07,0.002,0.002,0.08,0.05,0.0003,0.0,0.01,1.8,0.8,5.5,26.0,120.0,1.0,5.6,0.01,1.208,0.120836896499188
278,3,0.6,2.0,0.2,0.4,4.0,0.4,0.1,0.2,0.4,0.05,0.2,0.04,0.1,0.007,0.002,0.002,0.08,0.05,3e-05,0.0,0.01,1.8,0.8,5.5,26.0,120.0,1.0,5.6,0.01,0.600333333333333,0.0557753430190159
279,3,0.6,2.0,0.2,0.4,4.0,0.4,0.1,0.02,0.4,0.05,0.2,0.04,0.1,0.07,0.002,0.0002,0.008,0.05,3e-05,0.0,0.01,1.8,0.8,5.5,26.0,120.0,1.0,5.6,0.01,0.678,0.0317104959840673
280,3,0.6,2.0,0.2,0.4,4.0,0.4,0.1,0.2,0.4,0.05,0.2,0.04,0.01,0.07,0.002,0.0002,0.0008,0.05,3e-05,0.0,0.01,1.8,0.8,5.5,26.0,120.0,1.0,5.6,0.01,0.907,0.0686650485246234
281,3,0.6,2.0,0.2,0.4,0.4,0.4,0.1,0.02,0.4,0.05,0.2,0.04,0.01,0.07,0.002,0.002,0.08,0.05,0.0003,0.0,0.01,1.8,0.8,5.5,26.0,120.0,1.0,5.6,0.01,1.28966666666666,0.0276526068692748
282,3,0.6,5.0,0.2,0.4,4.0,0.4,0.1,0.2,0.4,0.05,0.2,0.4,0.1,0.007,0.002,0.0002,0.08,0.05,3e-05,0.0,0.01,1.8,0.8,5.5,26.0,120.0,1.0,5.6,0.01,0.871333333333333,0.0299369708257568
283,3,0.6,5.0,0.2,0.4,4.0,0.4,0.1,0.02,0.4,0.05,0.2,0.04,0.1,0.007,0.002,0.0002,0.0008,0.05,3e-05,0.0,0.01,1.8,0.8,5.5,26.0,120.0,1.0,5.6,0.01,0.636333333333333,0.092120693778446
284,3,0.6,2.0,0.2,0.4,0.4,0.4,0.1,0.2,0.4,0.05,0.2,0.04,0.01,0.007,0.002,0.002,0.008,0.05,0.0003,0.0,0.01,1.8,0.8,5.5,26.0,120.0,1.0,5.6,0.01,1.11233333333333,0.337153113914468
285,3,0.6,5.0,0.2,4.0,4.0,0.4,0.1,0.02,0.4,0.05,0.2,0.04,0.01,0.07,0.002,0.002,0.08,0.05,3e-05,0.0,0.01,1.8,0.8,5.5,26.0,120.0,1.0,5.6,0.01,0.77,0.0984016711691874
286,3,0.6,2.0,0.2,0.4,4.0,0.4,0.1,0.02,0.4,0.05,0.2,4.0,0.1,0.07,0.002,0.0002,0.008,0.05,3e-05,0.0,0.01,1.8,0.8,5.5,26.0,120.0,1.0,5.6,0.01,1.18766666666666,0.0582466021898846
287,3,0.6,2.0,0.2,0.4,0.4,0.4,0.1,0.02,0.4,0.05,0.2,0.04,0.1,0.07,0.002,0.002,0.008,0.05,3e-05,0.0,0.01,1.8,0.8,5.5,26.0,120.0,1.0,5.6,0.01,0.997999999999999,0.094199551780014
288,3,0.6,5.0,0.2,4.0,4.0,0.4,0.1,0.2,0.4,0.05,0.2,0.04,0.01,0.07,0.002,0.0002,0.08,0.05,3e-05,0.0,0.01,1.8,0.8,5.5,26.0,120.0,1.0,5.6,0.01,0.765666666666666,0.0673498329619309
289,4,0.6,2.0,0.2,0.4,0.4,0.4,0.1,0.2,0.4,0.05,0.2,0.04,0.01,0.07,0.002,0.002,0.0008,0.05,3e-05,0.0,0.01,1.8,0.8,5.5,26.0,120.0,1.0,5.6,0.01,0.934888888888888,0.030626785662227
290,4,0.6,2.0,0.2,0.4,0.4,0.4,0.1,0.02,0.4,0.05,0.2,0.04,0.01,0.07,0.002,0.002,0.0008,0.05,3e-05,0.0,0.01,1.8,0.8,5.5,26.0,120.0,1.0,5.6,0.01,0.842888888888888,0.0545771625010559
291,4,0.6,2.0,0.2,4.0,0.4,0.4,0.1,0.2,0.4,0.05,0.2,0.04,0.1,0.07,0.002,0.002,0.008,0.05,0.0003,0.0,0.01,1.8,0.8,5.5,26.0,120.0,1.0,5.6,0.01,0.662555555555555,0.0252498624858741
292,4,0.6,2.0,0.2,4.0,0.4,0.4,0.1,0.02,0.4,0.05,0.2,0.04,0.1,0.07,0.02,0.002,0.008,0.05,3e-05,0.0,0.01,1.8,0.8,5.5,26.0,120.0,1.0,5.6,0.01,0.574888888888888,0.104521130240093
293,4,0.6,2.0,0.2,4.0,0.4,0.4,0.1,0.02,0.4,0.05,0.2,0.04,0.1,0.07,0.002,0.002,0.0008,0.05,0.0003,0.0,0.01,1.8,0.8,5.5,26.0,120.0,1.0,5.6,0.01,0.631222222222222,0.0808056653679403
294,4,0.6,2.0,0.2,0.4,0.4,0.4,0.1,0.02,0.4,0.05,0.2,0.04,0.1,0.07,0.02,0.002,0.0008,0.05,3e-05,0.0,0.01,1.8,0.8,5.5,26.0,120.0,1.0,5.6,0.01,0.398222222222222,0.0598739416515138
295,4,0.6,2.0,0.2,0.4,0.4,0.4,0.1,0.2,0.4,0.05,0.2,0.04,0.01,0.07,0.002,0.002,0.008,0.05,0.0003,0.0,0.01,1.8,0.8,5.5,26.0,120.0,1.0,5.6,0.01,1.03322222222222,0.0637146416105085
296,4,0.6,2.0,0.2,4.0,0.4,0.4,0.1,0.02,0.4,0.05,0.2,0.04,0.01,0.07,0.02,0.002,0.008,0.05,0.0003,0.0,0.01,1.8,0.8,5.5,26.0,120.0,1.0,5.6,0.01,0.962222222222222,0.0299369708257569
297,4,0.6,2.0,0.2,0.4,0.4,0.4,0.1,0.2,0.4,0.05,0.2,0.04,0.1,0.07,0.02,0.002,0.0008,0.05,0.0003,0.0,0.01,1.8,0.8,5.5,26.0,120.0,1.0,5.6,0.01,0.698555555555555,0.0738030411899732
298,4,0.6,2.0,0.2,4.0,0.4,0.4,0.1,0.2,0.4,0.05,0.2,0.04,0.01,0.07,0.002,0.002,0.0008,0.05,3e-05,0.0,0.01,1.8,0.8,5.5,26.0,120.0,1.0,5.6,0.01,0.755888888888888,0.0708378429936992
299,4,0.6,2.0,0.2,4.0,0.4,0.4,0.1,0.2,0.4,0.05,0.2,0.04,0.01,0.07,0.002,0.002,0.008,0.05,3e-05,0.0,0.01,1.8,0.8,5.5,26.0,120.0,1.0,5.6,0.01,0.881555555555555,0.0320451070974787
300,4,0.6,2.0,0.2,0.4,0.4,0.4,0.1,0.2,0.4,0.05,0.2,0.04,0.01,0.07,0.02,0.002,0.008,0.05,0.0003,0.0,0.01,1.8,0.8,5.5,26.0,120.0,1.0,5.6,0.01,0.942222222222222,0.165900237760193
301,4,0.6,2.0,0.2,0.4,0.4,0.4,0.1,0.02,0.4,0.05,0.2,0.04,0.1,0.07,0.002,0.002,0.08,0.05,3e-05,0.0,0.01,1.8,0.8,5.5,26.0,120.0,1.0,5.6,0.01,0.453555555555555,0.00784573486395983
302,4,0.6,2.0,0.2,4.0,0.4,0.4,0.1,0.02,0.4,0.05,0.2,0.04,0.01,0.07,0.002,0.002,0.08,0.05,0.0003,0.0,0.01,1.8,0.8,5.5,26.0,120.0,1.0,5.6,0.01,0.877222222222222,0.0559543464700365
303,4,0.6,2.0,0.2,0.4,0.4,0.4,0.1,0.02,0.4,0.05,0.2,0.04,0.01,0.07,0.002,0.002,0.0008,0.05,0.0003,0.0,0.01,1.8,0.8,5.5,26.0,120.0,1.0,5.6,0.01,0.969555555555555,0.0306195289897731
304,4,0.6,2.0,0.2,4.0,0.4,0.4,0.1,0.2,0.4,0.05,0.2,0.04,0.01,0.07,0.02,0.002,0.008,0.05,0.0003,0.0,0.01,1.8,0.8,5.5,26.0,120.0,1.0,5.6,0.01,0.972555555555555,0.123032064474627
305,4,0.6,2.0,0.2,4.0,0.4,0.4,0.1,0.2,0.4,0.05,0.2,0.04,0.01,0.07,0.02,0.002,0.08,0.05,0.0003,0.0,0.01,1.8,0.8,5.5,26.0,120.0,1.0,5.6,0.01,0.859555555555555,0.0559126302566979
306,4,0.6,2.0,0.2,0.4,0.4,0.4,0.1,0.2,0.4,0.05,0.2,0.04,0.1,0.07,0.02,0.002,0.0008,0.05,3e-05,0.0,0.01,1.8,0.8,5.5,26.0,120.0,1.0,5.6,0.01,0.606222222222222,0.0130979218029256
307,4,0.6,2.0,0.2,0.4,0.4,0.4,0.1,0.2,0.4,0.05,0.2,0.04,0.01,0.07,0.02,0.002,0.008,0.05,3e-05,0.0,0.01,1.8,0.8,5.5,26.0,120.0,1.0,5.6,0.01,0.926555555555555,0.068975035741604
